Season,Team,Ranking,Other,GP,PPG,PPG Allow,PPG Diff,PTS OFF TO,PTS in Paint,SEC Chance PTS,FG%,FG% Allow,3FG%,3FG% Allow,FT%,FT% Allow,PPS,PTS/POSS
2016-17,Golden State,1,"1

Golden State
GS",82,115.9,104.3,11.6,1588,3826,1036,.495,.435,.383,.324,.788,.761,1.33,1.15
2016-17,Houston,2,"2

Houston
HOU",82,115.3,109.6,5.7,1529,3836,1172,.462,.463,.357,.343,.766,.778,1.32,1.14
2016-17,Denver,3,"3

Denver
DEN",82,111.7,111.2,0.5,1153,4092,1236,.469,.477,.368,.375,.774,.782,1.27,1.13
2016-17,Cleveland,4,"4

Cleveland
CLE",82,110.3,107.2,3.1,1207,3246,946,.470,.458,.384,.361,.748,.773,1.30,1.13
2016-17,Washington,5,"5

Washington
WSH",82,109.2,107.4,1.8,1451,3700,1066,.475,.466,.372,.364,.784,.751,1.25,1.11
2016-17,Los Angeles,6,"6

Los Angeles
LAC",82,108.7,104.4,4.3,1256,3280,931,.475,.452,.375,.350,.745,.772,1.31,1.12
2016-17,Boston,7,"7

Boston
BOS",82,108.0,105.4,2.6,1340,3428,914,.454,.450,.359,.332,.807,.769,1.27,1.11
2016-17,Portland,8,"8

Portland
POR",82,107.9,108.5,-0.6,1204,3486,1036,.459,.455,.375,.370,.780,.785,1.25,1.10
2016-17,Phoenix,9,"9

Phoenix
PHX",82,107.7,113.3,-5.6,1452,3902,1218,.450,.467,.332,.382,.776,.783,1.22,1.06
2016-17,Toronto,10,"10

Toronto
TOR",82,106.9,102.6,4.3,1425,3604,1106,.464,.449,.363,.354,.796,.780,1.27,1.12
2016-17,Oklahoma City,11,"11

Oklahoma City
OKC",82,106.6,105.8,0.8,1282,4108,1204,.452,.459,.327,.356,.745,.764,1.22,1.08
2016-17,Brooklyn,12,"12

Brooklyn
BKN",82,105.8,112.5,-6.7,1234,3780,943,.444,.458,.338,.366,.788,.772,1.24,1.04
2016-17,Minnesota,13,"13

Minnesota
MIN",82,105.6,106.7,-1.1,1373,3752,1209,.467,.475,.349,.366,.799,.768,1.25,1.10
2016-17,San Antonio,14,"14

San Antonio
SA",82,105.3,98.1,7.2,1418,3248,1059,.469,.443,.391,.344,.797,.771,1.26,1.11
2016-17,Indiana,15,"15

Indiana
IND",82,105.1,105.3,-0.2,1365,3446,936,.465,.451,.376,.355,.810,.789,1.24,1.08
2016-17,Charlotte,16,"16

Charlotte
CHA",82,104.9,104.7,0.2,1219,3274,966,.442,.456,.351,.369,.815,.776,1.23,1.08
2016-17,Los Angeles,17,"17

Los Angeles
LAL",82,104.6,111.5,-6.9,1424,3922,1111,.450,.483,.346,.370,.754,.762,1.20,1.06
2016-17,New York,18,"18

New York
NY",82,104.3,108.0,-3.7,1180,3322,1222,.447,.455,.348,.348,.788,.771,1.18,1.07
2016-17,New Orleans,18,"18

New Orleans
NO",82,104.3,106.4,-2.1,1198,3618,887,.450,.450,.350,.353,.750,.762,1.20,1.05
2016-17,Milwaukee,20,"20

Milwaukee
MIL",82,103.6,103.8,-0.2,1418,3992,909,.474,.458,.370,.353,.768,.771,1.27,1.09
2016-17,Miami,21,"21

Miami
MIA",82,103.2,102.1,1.1,1303,3724,1110,.455,.450,.365,.343,.706,.782,1.20,1.07
2016-17,Atlanta,21,"21

Atlanta
ATL",82,103.2,104.0,-0.8,1336,3514,1105,.451,.444,.341,.357,.728,.772,1.22,1.05
2016-17,Chicago,23,"23

Chicago
CHI",82,102.9,102.4,0.5,1286,3560,1237,.444,.456,.340,.345,.798,.770,1.18,1.07
2016-17,Sacramento,24,"24

Sacramento
SAC",82,102.8,106.7,-3.9,1331,3540,902,.461,.462,.376,.364,.775,.778,1.25,1.07
2016-17,Philadelphia,25,"25

Philadelphia
PHI",82,102.4,108.1,-5.7,1417,3644,1092,.442,.461,.340,.357,.771,.773,1.20,1.03
2016-17,Detroit,26,"26

Detroit
DET",82,101.3,102.5,-1.2,1219,3566,1125,.449,.460,.330,.366,.719,.780,1.14,1.06
2016-17,Orlando,27,"27

Orlando
ORL",82,101.1,107.6,-6.5,1226,3476,1018,.440,.467,.328,.367,.747,.766,1.16,1.03
2016-17,Utah,28,"28

Utah
UTA",82,100.7,96.8,3.9,1202,3516,905,.466,.443,.372,.358,.747,.769,1.27,1.09
2016-17,Memphis,29,"29

Memphis
MEM",82,100.5,100.0,0.5,1325,3318,1063,.435,.443,.354,.354,.784,.753,1.20,1.07
2016-17,Dallas,30,"30

Dallas
DAL",82,97.9,100.8,-2.9,1289,2698,808,.440,.469,.355,.380,.801,.772,1.19,1.05
2015-16,Golden State,1,"1

Golden State
GS",82,114.9,104.1,10.8,1400,3666,1004,.487,.435,.416,.332,.763,.757,1.32,1.14
2015-16,Oklahoma City,2,"2

Oklahoma City
OKC",82,110.2,102.9,7.3,1238,3926,1295,.476,.438,.349,.342,.782,.756,1.28,1.13
2015-16,Sacramento,3,"3

Sacramento
SAC",82,106.6,109.1,-2.5,1440,4064,1063,.464,.462,.359,.366,.725,.762,1.23,1.06
2015-16,Houston,4,"4

Houston
HOU",82,106.5,106.4,0.1,1549,3764,1136,.452,.459,.347,.361,.694,.756,1.28,1.08
2015-16,Boston,5,"5

Boston
BOS",82,105.7,102.5,3.2,1542,3770,1174,.439,.441,.335,.336,.788,.755,1.18,1.07
2015-16,Portland,6,"6

Portland
POR",82,105.1,104.3,0.8,1211,3220,1154,.450,.453,.370,.371,.754,.734,1.22,1.09
2015-16,Los Angeles,7,"7

Los Angeles
LAC",82,104.5,100.2,4.3,1386,3096,871,.465,.434,.364,.338,.692,.751,1.27,1.08
2015-16,Cleveland,8,"8

Cleveland
CLE",82,104.3,98.3,6.0,1338,3364,1084,.460,.448,.362,.347,.748,.743,1.24,1.10
2015-16,Washington,9,"9

Washington
WSH",82,104.1,104.6,-0.5,1428,3500,869,.460,.462,.358,.371,.730,.769,1.21,1.05
2015-16,San Antonio,10,"10

San Antonio
SA",82,103.5,92.9,10.6,1320,3580,972,.484,.436,.375,.331,.803,.758,1.25,1.10
2015-16,Charlotte,11,"11

Charlotte
CHA",82,103.4,100.7,2.7,1302,3086,937,.439,.444,.362,.349,.790,.769,1.22,1.07
2015-16,Atlanta,12,"12

Atlanta
ATL",82,102.8,99.2,3.6,1523,3560,876,.458,.432,.350,.338,.783,.755,1.22,1.05
2015-16,Toronto,13,"13

Toronto
TOR",82,102.7,98.2,4.5,1373,3472,1010,.451,.444,.370,.373,.777,.748,1.26,1.09
2015-16,New Orleans,13,"13

New Orleans
NO",82,102.7,106.5,-3.8,1228,3412,942,.448,.468,.360,.369,.776,.783,1.20,1.05
2015-16,Minnesota,15,"15

Minnesota
MIN",82,102.4,106.0,-3.6,1348,3620,1068,.464,.471,.338,.355,.792,.757,1.26,1.06
2015-16,Dallas,16,"16

Dallas
DAL",82,102.3,102.6,-0.3,1312,3122,872,.444,.451,.344,.342,.794,.738,1.22,1.06
2015-16,Indiana,17,"17

Indiana
IND",82,102.2,100.5,1.7,1553,3358,1054,.450,.440,.351,.334,.764,.751,1.20,1.04
2015-16,Orlando,18,"18

Orlando
ORL",82,102.1,103.7,-1.6,1460,3578,1036,.455,.460,.350,.359,.757,.746,1.18,1.05
2015-16,Detroit,19,"19

Detroit
DET",82,102.0,101.4,0.6,1266,3582,1224,.439,.461,.345,.355,.668,.783,1.18,1.06
2015-16,Denver,20,"20

Denver
DEN",82,101.9,105.0,-3.1,1289,3764,1090,.442,.461,.338,.371,.766,.761,1.19,1.05
2015-16,Chicago,21,"21

Chicago
CHI",82,101.6,103.1,-1.5,1087,3378,1114,.441,.441,.371,.345,.787,.737,1.16,1.05
2015-16,Phoenix,22,"22

Phoenix
PHX",82,100.9,107.5,-6.6,1354,3418,1148,.435,.467,.348,.377,.751,.749,1.18,1.02
2015-16,Miami,23,"23

Miami
MIA",82,100.0,98.4,1.6,1215,3830,1042,.470,.442,.336,.347,.744,.770,1.23,1.06
2015-16,Memphis,24,"24

Memphis
MEM",82,99.1,101.3,-2.2,1465,3614,1055,.440,.456,.331,.365,.783,.768,1.18,1.05
2015-16,Milwaukee,25,"25

Milwaukee
MIL",82,99.0,103.2,-4.2,1514,4148,996,.467,.454,.345,.352,.747,.768,1.21,1.04
2015-16,Brooklyn,26,"26

Brooklyn
BKN",82,98.6,106.0,-7.4,1233,3802,1035,.453,.479,.352,.369,.757,.763,1.17,1.03
2015-16,New York,27,"27

New York
NY",82,98.4,101.1,-2.7,966,2944,1079,.439,.443,.346,.341,.805,.754,1.17,1.04
2015-16,Utah,28,"28

Utah
UTA",82,97.7,95.9,1.8,1277,3448,1105,.449,.446,.355,.357,.744,.746,1.21,1.05
2015-16,Philadelphia,29,"29

Philadelphia
PHI",82,97.4,107.6,-10.2,1363,3550,959,.431,.464,.339,.359,.694,.786,1.16,0.98
2015-16,Los Angeles,30,"30

Los Angeles
LAL",82,97.3,106.9,-9.6,1117,3134,1067,.414,.473,.317,.347,.781,.731,1.15,1.01
2014-15,Golden State,1,"1

Golden State
GS",82,110.0,99.9,10.1,1612,3712,1027,.478,.428,.398,.337,.768,.763,1.26,1.11
2014-15,Los Angeles,2,"2

Los Angeles
LAC",82,106.7,100.1,6.6,1287,3068,1027,.473,.442,.376,.349,.710,.741,1.28,1.12
2014-15,Dallas,3,"3

Dallas
DAL",82,105.2,102.3,2.9,1582,3502,1073,.463,.450,.352,.364,.752,.753,1.23,1.09
2014-15,Toronto,4,"4

Toronto
TOR",82,104.0,100.9,3.1,1336,3524,1159,.455,.459,.352,.346,.787,.733,1.25,1.11
2014-15,Oklahoma City,4,"4

Oklahoma City
OKC",82,104.0,101.8,2.2,1263,3684,1248,.447,.440,.339,.343,.754,.745,1.20,1.07
2014-15,Houston,6,"6

Houston
HOU",82,103.9,100.5,3.4,1549,3712,1111,.444,.443,.348,.322,.715,.751,1.25,1.07
2014-15,San Antonio,7,"7

San Antonio
SA",82,103.2,97.0,6.2,1319,3690,996,.468,.444,.367,.360,.780,.745,1.23,1.08
2014-15,Cleveland,8,"8

Cleveland
CLE",82,103.1,98.7,4.4,1313,3360,1047,.458,.456,.367,.343,.751,.745,1.25,1.11
2014-15,Portland,9,"9

Portland
POR",82,102.8,98.6,4.2,1156,3106,1102,.450,.439,.362,.338,.801,.758,1.20,1.08
2014-15,Atlanta,10,"10

Atlanta
ATL",82,102.5,97.1,5.4,1502,3396,905,.466,.439,.380,.341,.778,.764,1.26,1.08
2014-15,Phoenix,11,"11

Phoenix
PHX",82,102.4,103.3,-0.9,1450,3508,1033,.452,.452,.341,.352,.760,.759,1.19,1.05
2014-15,Denver,12,"12

Denver
DEN",82,101.5,105.0,-3.5,1386,3684,1186,.433,.458,.325,.346,.734,.748,1.16,1.04
2014-15,Boston,13,"13

Boston
BOS",82,101.4,101.2,0.2,1421,3426,1152,.443,.450,.327,.336,.754,.755,1.15,1.04
2014-15,Sacramento,14,"14

Sacramento
SAC",82,101.3,105.0,-3.7,1251,3698,1157,.455,.456,.341,.349,.762,.748,1.26,1.05
2014-15,Chicago,15,"15

Chicago
CHI",82,100.8,97.8,3.0,1120,3366,1137,.442,.435,.353,.335,.783,.749,1.22,1.07
2014-15,New Orleans,16,"16

New Orleans
NO",82,99.4,98.6,0.8,1141,3688,1114,.457,.456,.370,.335,.751,.759,1.20,1.08
2014-15,Detroit,17,"17

Detroit
DET",82,98.5,99.5,-1.0,1302,3670,1218,.432,.456,.344,.355,.703,.772,1.15,1.05
2014-15,Washington,17,"17

Washington
WSH",82,98.5,97.8,0.7,1246,3402,980,.462,.433,.360,.349,.742,.738,1.19,1.03
2014-15,Los Angeles,17,"17

Los Angeles
LAL",82,98.5,105.3,-6.8,1188,3282,1170,.435,.466,.344,.363,.741,.745,1.15,1.03
2014-15,Memphis,20,"20

Memphis
MEM",82,98.3,95.1,3.2,1382,3866,1059,.458,.442,.339,.351,.773,.742,1.19,1.06
2014-15,Brooklyn,21,"21

Brooklyn
BKN",82,98.0,100.9,-2.9,1174,3698,1005,.451,.456,.331,.358,.748,.731,1.18,1.04
2014-15,Milwaukee,22,"22

Milwaukee
MIL",82,97.8,97.4,0.4,1572,3512,980,.459,.437,.363,.342,.757,.742,1.19,1.02
2014-15,Minnesota,22,"22

Minnesota
MIN",82,97.8,106.5,-8.7,1430,3386,1158,.438,.487,.332,.367,.776,.759,1.18,1.03
2014-15,Indiana,24,"24

Indiana
IND",82,97.3,97.0,0.3,1167,3044,1101,.439,.435,.352,.345,.756,.753,1.17,1.03
2014-15,Orlando,25,"25

Orlando
ORL",82,95.7,101.4,-5.7,1344,3700,1000,.453,.463,.347,.368,.729,.751,1.16,1.01
2014-15,Utah,26,"26

Utah
UTA",82,95.1,94.9,0.2,1245,3412,1238,.447,.446,.343,.362,.721,.744,1.20,1.04
2014-15,Miami,27,"27

Miami
MIA",82,94.7,97.3,-2.6,1314,3248,991,.456,.454,.335,.353,.741,.730,1.23,1.03
2014-15,Charlotte,28,"28

Charlotte
CHA",82,94.2,97.3,-3.1,1099,2994,1014,.420,.440,.318,.357,.748,.772,1.11,1.00
2014-15,Philadelphia,29,"29

Philadelphia
PHI",82,92.0,101.0,-9.0,1414,3346,1133,.408,.449,.320,.350,.676,.756,1.11,0.95
2014-15,New York,30,"30

New York
NY",82,91.9,101.2,-9.3,1200,2736,1017,.428,.460,.347,.380,.769,.759,1.12,0.99
2013-14,Los Angeles,1,"1

Los Angeles
LAC",82,107.9,101.0,6.9,1595,3152,998,.474,.441,.352,.332,.730,.755,1.31,1.12
2013-14,Houston,2,"2

Houston
HOU",82,107.7,103.1,4.6,1327,3836,1023,.472,.443,.358,.353,.712,.757,1.34,1.11
2013-14,Minnesota,3,"3

Minnesota
MIN",82,106.9,104.3,2.6,1545,3564,1172,.444,.471,.341,.364,.778,.756,1.22,1.09
2013-14,Portland,4,"4

Portland
POR",82,106.7,102.8,3.9,1139,2908,1241,.450,.451,.372,.355,.815,.766,1.23,1.11
2013-14,Oklahoma City,5,"5

Oklahoma City
OKC",82,106.2,99.8,6.4,1452,3212,1014,.471,.436,.361,.358,.806,.727,1.28,1.10
2013-14,San Antonio,6,"6

San Antonio
SA",82,105.4,97.6,7.8,1350,3438,896,.486,.444,.397,.353,.785,.760,1.26,1.10
2013-14,Phoenix,7,"7

Phoenix
PHX",82,105.2,102.6,2.6,1451,3170,990,.463,.456,.372,.341,.758,.766,1.26,1.09
2013-14,Dallas,8,"8

Dallas
DAL",82,104.8,102.4,2.4,1406,3130,882,.474,.464,.384,.359,.795,.758,1.25,1.11
2013-14,Denver,9,"9

Denver
DEN",82,104.4,106.5,-2.1,1355,3590,1112,.447,.457,.358,.351,.726,.763,1.22,1.06
2013-14,Golden State,10,"10

Golden State
GS",82,104.3,99.5,4.8,1400,3326,959,.462,.436,.380,.344,.753,.765,1.22,1.07
2013-14,Los Angeles,11,"11

Los Angeles
LAL",82,103.0,109.2,-6.2,1305,3084,780,.450,.468,.381,.361,.757,.727,1.21,1.04
2013-14,Miami,12,"12

Miami
MIA",82,102.2,97.4,4.8,1584,3416,741,.501,.457,.364,.362,.760,.750,1.34,1.11
2013-14,Toronto,13,"13

Toronto
TOR",82,101.3,98.0,3.3,1381,2888,1054,.445,.450,.372,.360,.782,.752,1.24,1.08
2013-14,Detroit,14,"14

Detroit
DET",82,101.0,104.7,-3.7,1481,4002,1250,.447,.470,.321,.365,.670,.756,1.16,1.06
2013-14,Atlanta,14,"14

Atlanta
ATL",82,101.0,101.5,-0.5,1428,3120,852,.458,.462,.363,.365,.781,.748,1.24,1.06
2013-14,Washington,16,"16

Washington
WSH",82,100.7,99.4,1.3,1493,3160,933,.459,.458,.380,.347,.731,.765,1.19,1.06
2013-14,Sacramento,17,"17

Sacramento
SAC",82,100.5,103.4,-2.9,1234,3368,1155,.447,.461,.333,.380,.759,.737,1.22,1.05
2013-14,New Orleans,18,"18

New Orleans
NO",82,99.7,102.4,-2.7,1376,3468,1054,.459,.465,.373,.357,.769,.752,1.21,1.07
2013-14,Philadelphia,19,"19

Philadelphia
PHI",82,99.5,109.9,-10.4,1523,3708,1033,.435,.471,.312,.370,.710,.754,1.14,0.99
2013-14,New York,20,"20

New York
NY",82,98.6,99.4,-0.8,1372,2540,998,.449,.458,.372,.371,.761,.765,1.20,1.08
2013-14,Brooklyn,21,"21

Brooklyn
BKN",82,98.5,99.5,-1.0,1526,2928,755,.459,.458,.369,.367,.753,.760,1.26,1.06
2013-14,Cleveland,22,"22

Cleveland
CLE",82,98.2,101.5,-3.3,1236,2986,985,.437,.452,.356,.367,.751,.757,1.16,1.04
2013-14,Charlotte,23,"23

Charlotte
CHA",82,96.9,97.1,-0.2,1175,3088,897,.442,.442,.351,.369,.737,.759,1.18,1.03
2013-14,Indiana,24,"24

Indiana
IND",82,96.7,92.3,4.4,1274,2904,930,.449,.420,.357,.345,.779,.755,1.21,1.04
2013-14,Orlando,25,"25

Orlando
ORL",82,96.5,102.0,-5.5,1210,2846,894,.445,.456,.353,.371,.763,.770,1.17,1.01
2013-14,Boston,26,"26

Boston
BOS",82,96.2,100.7,-4.5,1303,2792,1061,.435,.465,.333,.347,.777,.761,1.15,1.02
2013-14,Memphis,27,"27

Memphis
MEM",82,96.1,94.6,1.5,1332,3630,1024,.464,.450,.353,.355,.741,.766,1.17,1.06
2013-14,Milwaukee,28,"28

Milwaukee
MIL",82,95.5,103.7,-8.2,1327,3182,997,.438,.468,.353,.382,.747,.751,1.16,1.03
2013-14,Utah,29,"29

Utah
UTA",82,95.0,102.2,-7.2,1127,3136,984,.444,.473,.344,.376,.747,.773,1.17,1.03
2013-14,Chicago,30,"30

Chicago
CHI",82,93.7,91.8,1.9,1262,2832,1080,.432,.430,.348,.351,.779,.753,1.17,1.02
2012-13,Denver,1,"1

Denver
DEN",82,106.1,101.1,-,1630,0,0,.478,.444,.343,.363,.701,.731,1.25,-
2012-13,Houston,2,"2

Houston
HOU",82,106.0,102.5,-,1472,0,0,.461,.454,.366,.368,.754,.776,1.28,-
2012-13,Oklahoma City,3,"3

Oklahoma City
OKC",82,105.7,96.5,-,1487,0,0,.481,.425,.377,.346,.828,.774,1.33,-
2012-13,San Antonio,4,"4

San Antonio
SA",82,103.0,96.6,-,1426,0,0,.481,.442,.376,.353,.791,.760,1.27,-
2012-13,Miami,5,"5

Miami
MIA",82,102.9,95.0,-,1526,0,0,.496,.440,.396,.350,.754,.766,1.33,-
2012-13,Los Angeles,6,"6

Los Angeles
LAL",82,102.2,101.0,-,1270,0,0,.458,.453,.355,.357,.692,.732,1.26,-
2012-13,Golden State,7,"7

Golden State
GS",82,101.2,100.3,-,1142,0,0,.458,.439,.403,.347,.790,.748,1.21,-
2012-13,Los Angeles,8,"8

Los Angeles
LAC",82,101.1,94.6,-,1607,0,0,.478,.443,.358,.373,.711,.749,1.25,-
2012-13,Dallas,8,"8

Dallas
DAL",82,101.1,101.7,-,1327,0,0,.462,.445,.372,.359,.793,.753,1.20,-
2012-13,Sacramento,10,"10

Sacramento
SAC",82,100.2,105.1,-,1338,0,0,.447,.472,.363,.355,.769,.783,1.19,-
2012-13,New York,11,"11

New York
NY",82,100.0,95.7,-,1461,0,0,.448,.458,.376,.357,.759,.757,1.23,-
2012-13,Milwaukee,12,"12

Milwaukee
MIL",82,98.9,100.4,-,1465,0,0,.435,.454,.360,.348,.736,.759,1.13,-
2012-13,Atlanta,13,"13

Atlanta
ATL",82,98.0,97.5,-,1398,0,0,.464,.450,.371,.379,.715,.763,1.21,-
2012-13,Utah,13,"13

Utah
UTA",82,98.0,98.1,-,1429,0,0,.454,.458,.366,.370,.764,.757,1.20,-
2012-13,Portland,15,"15

Portland
POR",82,97.5,100.7,-,1241,0,0,.448,.474,.353,.340,.776,.761,1.19,-
2012-13,Toronto,16,"16

Toronto
TOR",82,97.2,98.7,-,1385,0,0,.446,.458,.343,.361,.788,.747,1.19,-
2012-13,Brooklyn,17,"17

Brooklyn
BKN",82,96.9,95.1,-,1299,0,0,.450,.464,.357,.366,.731,.731,1.21,-
2012-13,Boston,18,"18

Boston
BOS",81,96.5,96.7,-,1350,0,0,.465,.441,.358,.342,.776,.740,1.21,-
2012-13,Cleveland,18,"18

Cleveland
CLE",82,96.5,101.2,-,1387,0,0,.434,.476,.346,.372,.756,.739,1.15,-
2012-13,Minnesota,20,"20

Minnesota
MIN",82,95.7,98.1,-,1483,0,0,.439,.468,.305,.369,.742,.752,1.17,-
2012-13,Phoenix,21,"21

Phoenix
PHX",82,95.2,101.6,-,1321,0,0,.443,.470,.330,.388,.744,.757,1.13,-
2012-13,Detroit,22,"22

Detroit
DET",82,94.9,98.8,-,1263,0,0,.449,.459,.356,.360,.699,.762,1.17,-
2012-13,Indiana,23,"23

Indiana
IND",81,94.7,90.7,-,1231,0,0,.436,.420,.347,.327,.746,.760,1.18,-
2012-13,Orlando,24,"24

Orlando
ORL",82,94.1,101.1,-,1152,0,0,.448,.463,.329,.359,.755,.738,1.12,-
2012-13,New Orleans,24,"24

New Orleans
NO",82,94.1,97.9,-,1210,0,0,.448,.471,.363,.374,.776,.759,1.17,-
2012-13,Charlotte,26,"26

Charlotte
CHA",82,93.4,102.7,-,1184,0,0,.425,.471,.335,.388,.750,.747,1.15,-
2012-13,Memphis,26,"26

Memphis
MEM",82,93.4,89.3,-,1428,0,0,.444,.435,.345,.338,.773,.748,1.15,-
2012-13,Philadelphia,28,"28

Philadelphia
PHI",82,93.2,96.5,-,1335,0,0,.444,.454,.360,.349,.729,.760,1.11,-
2012-13,Chicago,28,"28

Chicago
CHI",82,93.2,92.9,-,1231,0,0,.437,.443,.353,.346,.773,.739,1.14,-
2012-13,Washington,28,"28

Washington
WSH",82,93.2,95.8,-,1276,0,0,.435,.440,.365,.349,.733,.738,1.14,-
2011-12,Denver,1,"1

Denver
DEN",66,104.1,101.2,-,1245,0,0,.476,.456,.332,.383,.735,.759,1.27,-
2011-12,San Antonio,2,"2

San Antonio
SA",66,103.7,96.5,-,1056,0,0,.478,.452,.393,.353,.748,.756,1.25,-
2011-12,Oklahoma City,3,"3

Oklahoma City
OKC",66,103.1,96.9,-,1061,0,0,.471,.427,.358,.342,.806,.768,1.30,-
2011-12,Utah,4,"4

Utah
UTA",66,99.7,99.0,-,1099,0,0,.456,.453,.323,.340,.754,.754,1.19,-
2011-12,Milwaukee,5,"5

Milwaukee
MIL",66,99.0,98.7,-,1200,0,0,.443,.449,.345,.351,.774,.769,1.16,-
2011-12,Sacramento,6,"6

Sacramento
SAC",66,98.8,104.4,-,1184,0,0,.436,.476,.316,.355,.736,.762,1.14,-
2011-12,Miami,7,"7

Miami
MIA",66,98.5,92.5,-,1297,0,0,.469,.434,.359,.363,.775,.725,1.25,-
2011-12,Phoenix,8,"8

Phoenix
PHX",66,98.4,98.6,-,995,0,0,.458,.455,.343,.352,.757,.762,1.19,-
2011-12,Houston,9,"9

Houston
HOU",66,98.1,97.9,-,1116,0,0,.449,.456,.359,.325,.782,.766,1.17,-
2011-12,Minnesota,10,"10

Minnesota
MIN",66,97.9,100.1,-,933,0,0,.433,.455,.332,.340,.771,.755,1.19,-
2011-12,New York,11,"11

New York
NY",66,97.8,94.7,-,1242,0,0,.443,.442,.336,.359,.741,.736,1.21,-
2011-12,Golden State,11,"11

Golden State
GS",66,97.8,101.2,-,1065,0,0,.457,.453,.388,.365,.770,.747,1.19,-
2011-12,Indiana,13,"13

Indiana
IND",66,97.7,94.4,-,1087,0,0,.438,.435,.368,.351,.782,.729,1.20,-
2011-12,Los Angeles,14,"14

Los Angeles
LAC",66,97.5,95.0,-,1150,0,0,.455,.447,.357,.365,.680,.746,1.20,-
2011-12,Los Angeles,15,"15

Los Angeles
LAL",66,97.3,95.9,-,821,0,0,.457,.437,.326,.348,.756,.742,1.21,-
2011-12,Portland,16,"16

Portland
POR",66,97.2,97.8,-,1053,0,0,.443,.463,.346,.363,.796,.747,1.18,-
2011-12,Atlanta,17,"17

Atlanta
ATL",66,96.6,93.2,-,1132,0,0,.454,.444,.370,.344,.740,.753,1.19,-
2011-12,Chicago,18,"18

Chicago
CHI",66,96.3,88.2,-,977,0,0,.452,.421,.375,.325,.722,.740,1.16,-
2011-12,Dallas,19,"19

Dallas
DAL",66,95.8,94.8,-,1117,0,0,.443,.435,.339,.346,.771,.750,1.17,-
2011-12,Memphis,20,"20

Memphis
MEM",66,95.0,93.0,-,1301,0,0,.447,.444,.326,.345,.759,.764,1.16,-
2011-12,Orlando,21,"21

Orlando
ORL",66,94.2,93.4,-,992,0,0,.441,.449,.375,.347,.660,.772,1.20,-
2011-12,Philadelphia,22,"22

Philadelphia
PHI",66,93.6,89.4,-,1077,0,0,.448,.427,.362,.334,.742,.752,1.12,-
2011-12,Washington,22,"22

Washington
WSH",66,93.6,98.4,-,1152,0,0,.441,.453,.320,.350,.727,.758,1.13,-
2011-12,New Jersey,24,"24

New Jersey
NJ",66,93.1,99.1,-,1057,0,0,.425,.472,.342,.374,.777,.740,1.15,-
2011-12,Cleveland,25,"25

Cleveland
CLE",66,93.0,100.2,-,956,0,0,.422,.467,.346,.362,.716,.748,1.15,-
2011-12,Boston,26,"26

Boston
BOS",66,91.8,89.3,-,1075,0,0,.460,.419,.367,.308,.778,.760,1.19,-
2011-12,Detroit,27,"27

Detroit
DET",66,90.9,95.7,-,1038,0,0,.438,.462,.346,.355,.752,.765,1.15,-
2011-12,Toronto,28,"28

Toronto
TOR",66,90.7,94.0,-,993,0,0,.440,.435,.340,.328,.770,.744,1.16,-
2011-12,New Orleans,29,"29

New Orleans
NO",66,89.6,93.4,-,1007,0,0,.451,.444,.333,.317,.757,.759,1.16,-
2011-12,Charlotte,30,"30

Charlotte
CHA",66,87.0,100.9,-,943,0,0,.414,.475,.295,.356,.746,.750,1.08,-
2010-11,Denver,1,"1

Denver
DEN",82,107.5,102.7,-,1333,0,0,.476,.459,.388,.344,.765,.756,1.33,-
2010-11,New York,2,"2

New York
NY",82,106.5,105.7,-,1459,0,0,.457,.472,.368,.372,.809,.762,1.27,-
2010-11,Houston,3,"3

Houston
HOU",82,105.9,103.7,-,1400,0,0,.454,.468,.367,.358,.801,.781,1.25,-
2010-11,Phoenix,4,"4

Phoenix
PHX",82,105.0,105.9,-,1302,0,0,.470,.472,.377,.367,.759,.754,1.26,-
2010-11,Oklahoma City,5,"5

Oklahoma City
OKC",82,104.8,101.0,-,1389,0,0,.464,.458,.347,.361,.823,.744,1.30,-
2010-11,San Antonio,6,"6

San Antonio
SA",82,103.7,98.0,-,1301,0,0,.475,.456,.397,.367,.767,.766,1.28,-
2010-11,Golden State,7,"7

Golden State
GS",82,103.4,105.7,-,1606,0,0,.461,.467,.392,.358,.761,.776,1.20,-
2010-11,Miami,8,"8

Miami
MIA",82,102.1,94.6,-,1317,0,0,.481,.434,.370,.345,.769,.744,1.33,-
2010-11,Los Angeles,9,"9

Los Angeles
LAL",82,101.5,95.4,-,1250,0,0,.463,.437,.352,.335,.779,.765,1.23,-
2010-11,Minnesota,10,"10

Minnesota
MIN",82,101.1,107.7,-,1339,0,0,.441,.468,.376,.374,.768,.778,1.18,-
2010-11,Dallas,11,"11

Dallas
DAL",82,100.2,96.0,-,1252,0,0,.475,.450,.365,.343,.777,.750,1.27,-
2010-11,Memphis,12,"12

Memphis
MEM",82,99.9,97.6,-,1601,0,0,.471,.457,.334,.369,.750,.761,1.20,-
2010-11,Indiana,13,"13

Indiana
IND",82,99.8,100.9,-,1261,0,0,.442,.449,.354,.359,.782,.750,1.21,-
2010-11,Sacramento,14,"14

Sacramento
SAC",82,99.4,104.7,-,1392,0,0,.449,.478,.335,.355,.734,.762,1.17,-
2010-11,Utah,14,"14

Utah
UTA",82,99.4,101.3,-,1304,0,0,.465,.459,.346,.376,.771,.778,1.24,-
2010-11,Orlando,16,"16

Orlando
ORL",82,99.2,93.7,-,1238,0,0,.461,.436,.366,.350,.692,.743,1.27,-
2010-11,Toronto,17,"17

Toronto
TOR",82,99.1,105.4,-,1299,0,0,.465,.482,.316,.376,.755,.769,1.20,-
2010-11,Philadelphia,18,"18

Philadelphia
PHI",82,99.0,97.5,-,1348,0,0,.461,.451,.355,.340,.770,.773,1.20,-
2010-11,Chicago,19,"19

Chicago
CHI",82,98.6,91.3,-,1305,0,0,.462,.430,.361,.326,.743,.764,1.23,-
2010-11,Los Angeles,19,"19

Los Angeles
LAC",82,98.6,101.8,-,1336,0,0,.457,.455,.338,.365,.707,.771,1.23,-
2010-11,Washington,21,"21

Washington
WSH",82,97.3,104.7,-,1393,0,0,.443,.471,.332,.373,.745,.761,1.16,-
2010-11,Detroit,22,"22

Detroit
DET",82,97.0,100.6,-,1350,0,0,.460,.486,.376,.358,.737,.766,1.20,-
2010-11,Boston,23,"23

Boston
BOS",82,96.5,91.1,-,1325,0,0,.486,.434,.365,.340,.770,.756,1.27,-
2010-11,Portland,24,"24

Portland
POR",82,96.3,94.8,-,1429,0,0,.447,.467,.345,.367,.804,.767,1.20,-
2010-11,Cleveland,25,"25

Cleveland
CLE",82,95.5,104.5,-,1156,0,0,.434,.475,.342,.411,.745,.759,1.18,-
2010-11,Atlanta,26,"26

Atlanta
ATL",82,95.0,95.8,-,1168,0,0,.462,.460,.352,.338,.779,.774,1.21,-
2010-11,New Orleans,27,"27

New Orleans
NO",82,94.9,94.0,-,1342,0,0,.459,.457,.360,.357,.765,.770,1.21,-
2010-11,New Jersey,28,"28

New Jersey
NJ",82,94.2,100.4,-,1093,0,0,.440,.465,.343,.364,.759,.751,1.16,-
2010-11,Charlotte,29,"29

Charlotte
CHA",82,93.3,97.3,-,1213,0,0,.451,.455,.327,.359,.756,.780,1.20,-
2010-11,Milwaukee,30,"30

Milwaukee
MIL",82,91.9,92.7,-,1364,0,0,.430,.447,.342,.334,.757,.770,1.15,-
2009-10,Phoenix,1,"1

Phoenix
PHX",82,110.2,105.3,-,1204,0,0,.492,.452,.412,.355,.770,.760,1.33,-
2009-10,Golden State,2,"2

Golden State
GS",82,108.8,112.4,-,1737,0,0,.469,.485,.375,.375,.782,.767,1.26,-
2009-10,Denver,3,"3

Denver
DEN",82,106.5,102.4,-,1474,0,0,.468,.456,.359,.349,.772,.768,1.31,-
2009-10,Utah,4,"4

Utah
UTA",82,104.2,98.9,-,1508,0,0,.491,.449,.364,.354,.741,.762,1.30,-
2009-10,Toronto,5,"5

Toronto
TOR",82,104.1,105.9,-,1273,0,0,.482,.468,.371,.366,.764,.784,1.29,-
2009-10,Orlando,6,"6

Orlando
ORL",82,102.8,95.3,-,1173,0,0,.470,.438,.375,.363,.724,.754,1.32,-
2009-10,Memphis,7,"7

Memphis
MEM",82,102.5,104.0,-,1400,0,0,.469,.478,.337,.354,.733,.755,1.22,-
2009-10,Houston,8,"8

Houston
HOU",82,102.4,102.7,-,1384,0,0,.447,.475,.351,.364,.772,.764,1.21,-
2009-10,New York,9,"9

New York
NY",82,102.1,105.9,-,1280,0,0,.455,.486,.346,.352,.782,.754,1.22,-
2009-10,Cleveland,9,"9

Cleveland
CLE",82,102.1,95.6,-,1266,0,0,.485,.442,.381,.347,.720,.757,1.31,-
2009-10,Dallas,11,"11

Dallas
DAL",82,102.0,99.3,-,1347,0,0,.464,.457,.372,.347,.816,.758,1.24,-
2009-10,Atlanta,12,"12

Atlanta
ATL",82,101.7,97.0,-,1371,0,0,.468,.460,.360,.345,.759,.745,1.23,-
2009-10,Los Angeles,12,"12

Los Angeles
LAL",82,101.7,97.0,-,1340,0,0,.457,.446,.341,.328,.765,.750,1.21,-
2009-10,Oklahoma City,14,"14

Oklahoma City
OKC",82,101.5,98.0,-,1472,0,0,.462,.448,.340,.340,.805,.764,1.26,-
2009-10,San Antonio,15,"15

San Antonio
SA",82,101.4,96.3,-,1203,0,0,.473,.452,.358,.343,.740,.756,1.25,-
2009-10,Indiana,16,"16

Indiana
IND",82,100.8,103.8,-,1298,0,0,.443,.453,.348,.363,.775,.756,1.21,-
2009-10,New Orleans,17,"17

New Orleans
NO",82,100.2,102.7,-,1391,0,0,.464,.483,.363,.355,.778,.751,1.20,-
2009-10,Sacramento,18,"18

Sacramento
SAC",82,100.0,104.4,-,1331,0,0,.456,.469,.349,.357,.726,.774,1.19,-
2009-10,Boston,19,"19

Boston
BOS",82,99.2,95.6,-,1422,0,0,.483,.451,.348,.342,.746,.746,1.29,-
2009-10,Minnesota,20,"20

Minnesota
MIN",82,98.2,107.8,-,1283,0,0,.449,.480,.341,.366,.746,.774,1.16,-
2009-10,Portland,21,"21

Portland
POR",82,98.1,94.8,-,1338,0,0,.461,.464,.354,.343,.790,.745,1.25,-
2009-10,Philadelphia,22,"22

Philadelphia
PHI",82,97.7,101.6,-,1333,0,0,.460,.472,.343,.393,.756,.766,1.20,-
2009-10,Milwaukee,22,"22

Milwaukee
MIL",82,97.7,96.0,-,1341,0,0,.436,.451,.356,.343,.755,.765,1.14,-
2009-10,Chicago,24,"24

Chicago
CHI",82,97.5,99.1,-,1169,0,0,.451,.442,.330,.348,.754,.744,1.17,-
2009-10,Miami,25,"25

Miami
MIA",82,96.5,94.2,-,1331,0,0,.458,.439,.346,.342,.752,.754,1.21,-
2009-10,Washington,26,"26

Washington
WSH",82,96.2,101.0,-,1221,0,0,.449,.463,.353,.360,.762,.761,1.18,-
2009-10,Los Angeles,27,"27

Los Angeles
LAC",82,95.7,102.1,-,1147,0,0,.455,.470,.332,.363,.730,.762,1.19,-
2009-10,Charlotte,28,"28

Charlotte
CHA",82,95.3,93.8,-,1446,0,0,.453,.448,.346,.338,.751,.743,1.24,-
2009-10,Detroit,29,"29

Detroit
DET",82,94.0,99.1,-,1399,0,0,.445,.480,.314,.375,.728,.767,1.17,-
2009-10,New Jersey,30,"30

New Jersey
NJ",82,92.4,101.5,-,1225,0,0,.429,.481,.318,.366,.780,.748,1.16,-
2008-09,Phoenix,1,"1

Phoenix
PHX",82,109.4,107.5,-,1365,0,0,.504,.467,.383,.383,.744,.775,1.34,-
2008-09,Golden State,2,"2

Golden State
GS",82,108.6,112.3,-,1363,0,0,.458,.468,.373,.380,.791,.779,1.26,-
2008-09,Los Angeles,3,"3

Los Angeles
LAL",82,106.9,99.3,-,1541,0,0,.474,.447,.361,.345,.770,.753,1.26,-
2008-09,New York,4,"4

New York
NY",82,105.2,107.8,-,1395,0,0,.445,.480,.360,.351,.784,.758,1.22,-
2008-09,Indiana,5,"5

Indiana
IND",82,105.1,106.2,-,1247,0,0,.455,.458,.378,.375,.807,.764,1.22,-
2008-09,Denver,6,"6

Denver
DEN",82,104.3,100.9,-,1474,0,0,.470,.440,.371,.366,.760,.782,1.31,-
2008-09,Utah,7,"7

Utah
UTA",82,103.6,100.9,-,1570,0,0,.475,.464,.349,.361,.771,.763,1.28,-
2008-09,Chicago,8,"8

Chicago
CHI",82,102.2,102.5,-,1404,0,0,.457,.458,.381,.347,.796,.786,1.22,-
2008-09,Dallas,9,"9

Dallas
DAL",82,101.7,99.8,-,1260,0,0,.462,.455,.350,.375,.819,.798,1.23,-
2008-09,Orlando,10,"10

Orlando
ORL",82,101.0,94.4,-,1184,0,0,.457,.433,.381,.342,.715,.755,1.29,-
2008-09,Boston,11,"11

Boston
BOS",82,100.9,93.4,-,1423,0,0,.486,.431,.397,.349,.765,.771,1.31,-
2008-09,Sacramento,12,"12

Sacramento
SAC",82,100.6,109.3,-,1299,0,0,.447,.483,.368,.406,.798,.756,1.23,-
2008-09,Cleveland,13,"13

Cleveland
CLE",82,100.3,91.4,-,1403,0,0,.468,.431,.393,.333,.757,.770,1.27,-
2008-09,Portland,14,"14

Portland
POR",82,99.4,94.1,-,1281,0,0,.465,.460,.383,.374,.765,.803,1.26,-
2008-09,Milwaukee,15,"15

Milwaukee
MIL",82,99.3,100.4,-,1522,0,0,.445,.458,.363,.378,.780,.791,1.21,-
2008-09,Toronto,16,"16

Toronto
TOR",82,99.0,101.9,-,1226,0,0,.458,.465,.372,.367,.824,.784,1.22,-
2008-09,Houston,17,"17

Houston
HOU",82,98.4,94.4,-,1110,0,0,.453,.444,.375,.357,.805,.749,1.24,-
2008-09,Miami,18,"18

Miami
MIA",82,98.3,98.0,-,1427,0,0,.457,.455,.357,.389,.754,.771,1.21,-
2008-09,New Jersey,19,"19

New Jersey
NJ",82,98.1,100.5,-,1252,0,0,.448,.462,.376,.391,.779,.762,1.23,-
2008-09,Atlanta,19,"19

Atlanta
ATL",82,98.1,96.5,-,1274,0,0,.458,.454,.366,.353,.737,.769,1.25,-
2008-09,Minnesota,21,"21

Minnesota
MIN",82,97.8,102.7,-,1161,0,0,.441,.474,.353,.377,.769,.778,1.19,-
2008-09,Philadelphia,22,"22

Philadelphia
PHI",82,97.4,97.3,-,1480,0,0,.459,.462,.318,.367,.745,.782,1.22,-
2008-09,San Antonio,23,"23

San Antonio
SA",82,97.0,93.3,-,1096,0,0,.466,.453,.386,.379,.761,.769,1.22,-
2008-09,Oklahoma City,23,"23

Oklahoma City
OKC",82,97.0,103.1,-,1250,0,0,.447,.475,.346,.364,.786,.761,1.18,-
2008-09,Washington,25,"25

Washington
WSH",82,96.1,103.5,-,1258,0,0,.450,.482,.330,.387,.767,.759,1.18,-
2008-09,New Orleans,26,"26

New Orleans
NO",82,95.8,94.3,-,1235,0,0,.457,.450,.364,.354,.807,.773,1.23,-
2008-09,Los Angeles,27,"27

Los Angeles
LAC",82,95.1,103.9,-,1152,0,0,.441,.473,.354,.375,.736,.760,1.16,-
2008-09,Detroit,28,"28

Detroit
DET",82,94.2,94.7,-,1091,0,0,.454,.451,.349,.354,.751,.775,1.18,-
2008-09,Memphis,29,"29

Memphis
MEM",82,93.9,99.3,-,1350,0,0,.454,.473,.360,.355,.756,.770,1.22,-
2008-09,Charlotte,30,"30

Charlotte
CHA",82,93.6,94.9,-,1416,0,0,.455,.454,.366,.366,.740,.756,1.22,-
2007-08,Golden State,1,"1

Golden State
GS",82,111.0,108.8,-,1643,0,0,.459,.468,.348,.368,.752,.759,1.23,-
2007-08,Denver,2,"2

Denver
DEN",82,110.7,107.0,-,1500,0,0,.470,.457,.355,.363,.751,.730,1.29,-
2007-08,Phoenix,3,"3

Phoenix
PHX",82,110.1,105.0,-,1312,0,0,.500,.456,.393,.353,.783,.749,1.33,-
2007-08,Los Angeles,4,"4

Los Angeles
LAL",82,108.6,101.3,-,1415,0,0,.476,.445,.378,.362,.769,.752,1.31,-
2007-08,Utah,5,"5

Utah
UTA",82,106.2,99.3,-,1558,0,0,.497,.461,.372,.357,.759,.749,1.32,-
2007-08,Orlando,6,"6

Orlando
ORL",82,104.5,99.0,-,1260,0,0,.474,.446,.386,.358,.721,.754,1.33,-
2007-08,Indiana,7,"7

Indiana
IND",82,104.0,105.4,-,1393,0,0,.444,.454,.374,.386,.768,.757,1.22,-
2007-08,Sacramento,8,"8

Sacramento
SAC",82,102.5,104.8,-,1467,0,0,.464,.466,.373,.373,.798,.753,1.28,-
2007-08,New Orleans,9,"9

New Orleans
NO",82,100.9,95.6,-,1377,0,0,.466,.460,.389,.351,.769,.771,1.22,-
2007-08,Memphis,10,"10

Memphis
MEM",82,100.7,106.9,-,1263,0,0,.454,.480,.349,.364,.723,.774,1.23,-
2007-08,Boston,11,"11

Boston
BOS",82,100.5,90.3,-,1557,0,0,.475,.419,.381,.316,.771,.743,1.31,-
2007-08,Dallas,12,"12

Dallas
DAL",82,100.4,95.9,-,1191,0,0,.464,.443,.352,.349,.814,.760,1.26,-
2007-08,Toronto,13,"13

Toronto
TOR",82,100.2,97.3,-,1365,0,0,.468,.458,.392,.368,.812,.776,1.22,-
2007-08,Washington,14,"14

Washington
WSH",82,98.8,99.2,-,1283,0,0,.446,.461,.356,.386,.782,.754,1.21,-
2007-08,Atlanta,15,"15

Atlanta
ATL",82,98.2,100.0,-,1308,0,0,.454,.463,.356,.362,.772,.752,1.23,-
2007-08,Detroit,16,"16

Detroit
DET",82,97.5,90.1,-,1274,0,0,.458,.437,.366,.332,.767,.744,1.22,-
2007-08,Seattle,16,"16

Seattle
SEA",82,97.5,106.3,-,1124,0,0,.444,.461,.333,.385,.770,.749,1.14,-
2007-08,Chicago,18,"18

Chicago
CHI",82,97.3,100.4,-,1331,0,0,.435,.453,.363,.375,.756,.766,1.16,-
2007-08,Charlotte,19,"19

Charlotte
CHA",82,97.1,101.4,-,1319,0,0,.452,.466,.367,.355,.714,.747,1.21,-
2007-08,Milwaukee,20,"20

Milwaukee
MIL",82,97.0,103.9,-,1211,0,0,.449,.480,.344,.384,.733,.766,1.18,-
2007-08,New York,21,"21

New York
NY",82,96.9,103.5,-,1130,0,0,.439,.474,.337,.369,.727,.739,1.18,-
2007-08,Houston,22,"22

Houston
HOU",82,96.7,92.0,-,1227,0,0,.448,.433,.342,.365,.726,.737,1.18,-
2007-08,Philadelphia,23,"23

Philadelphia
PHI",82,96.6,96.2,-,1487,0,0,.460,.461,.317,.360,.706,.772,1.19,-
2007-08,Cleveland,24,"24

Cleveland
CLE",82,96.4,96.7,-,1161,0,0,.439,.455,.358,.357,.717,.748,1.18,-
2007-08,New Jersey,25,"25

New Jersey
NJ",82,95.8,100.9,-,1188,0,0,.443,.456,.348,.369,.736,.768,1.22,-
2007-08,Minnesota,26,"26

Minnesota
MIN",82,95.6,102.4,-,1172,0,0,.451,.472,.350,.357,.736,.769,1.15,-
2007-08,San Antonio,27,"27

San Antonio
SA",82,95.4,90.6,-,1189,0,0,.457,.444,.369,.342,.761,.756,1.22,-
2007-08,Portland,27,"27

Portland
POR",82,95.4,96.3,-,1157,0,0,.448,.451,.377,.356,.767,.766,1.19,-
2007-08,Los Angeles,29,"29

Los Angeles
LAC",82,93.8,101.1,-,1249,0,0,.438,.467,.324,.349,.781,.751,1.19,-
2007-08,Miami,30,"30

Miami
MIA",82,91.4,100.0,-,1270,0,0,.443,.468,.358,.369,.727,.755,1.18,-
2006-07,Phoenix,1,"1

Phoenix
PHX",82,110.2,102.9,-,1438,0,0,.494,.457,.399,.363,.808,.767,1.32,-
2006-07,Golden State,2,"2

Golden State
GS",82,106.5,106.9,-,1744,0,0,.463,.462,.356,.366,.717,.750,1.24,-
2006-07,Denver,3,"3

Denver
DEN",82,105.4,103.7,-,1593,0,0,.465,.460,.336,.353,.746,.739,1.27,-
2006-07,Washington,4,"4

Washington
WSH",82,104.3,104.9,-,1567,0,0,.450,.473,.348,.377,.765,.777,1.25,-
2006-07,Los Angeles,5,"5

Los Angeles
LAL",82,103.3,103.4,-,1400,0,0,.466,.461,.353,.358,.747,.760,1.27,-
2006-07,Memphis,6,"6

Memphis
MEM",82,101.6,106.7,-,1386,0,0,.465,.486,.367,.389,.761,.759,1.29,-
2006-07,Utah,7,"7

Utah
UTA",82,101.5,98.6,-,1352,0,0,.474,.455,.335,.355,.743,.767,1.29,-
2006-07,Sacramento,8,"8

Sacramento
SAC",82,101.3,103.1,-,1533,0,0,.450,.472,.350,.365,.765,.757,1.27,-
2006-07,Dallas,9,"9

Dallas
DAL",82,100.0,92.8,-,1396,0,0,.467,.447,.381,.349,.805,.746,1.27,-
2006-07,Milwaukee,10,"10

Milwaukee
MIL",82,99.7,104.0,-,1456,0,0,.465,.480,.356,.368,.733,.742,1.22,-
2006-07,Toronto,11,"11

Toronto
TOR",82,99.5,98.5,-,1382,0,0,.463,.463,.363,.357,.788,.754,1.25,-
2006-07,Seattle,12,"12

Seattle
SEA",82,99.1,102.0,-,1366,0,0,.460,.476,.362,.361,.791,.751,1.23,-
2006-07,Chicago,13,"13

Chicago
CHI",82,98.8,93.8,-,1586,0,0,.457,.435,.388,.349,.734,.730,1.22,-
2006-07,San Antonio,14,"14

San Antonio
SA",82,98.5,90.1,-,1393,0,0,.474,.443,.381,.334,.751,.740,1.28,-
2006-07,New Jersey,15,"15

New Jersey
NJ",82,97.6,98.3,-,1368,0,0,.457,.450,.363,.357,.727,.762,1.25,-
2006-07,New York,16,"16

New York
NY",82,97.5,100.3,-,1238,0,0,.457,.460,.346,.376,.715,.756,1.26,-
2006-07,Houston,17,"17

Houston
HOU",82,97.0,92.1,-,1253,0,0,.445,.429,.372,.351,.753,.749,1.22,-
2006-07,Charlotte,18,"18

Charlotte
CHA",82,96.9,100.6,-,1364,0,0,.446,.465,.357,.363,.734,.750,1.20,-
2006-07,Cleveland,19,"19

Cleveland
CLE",82,96.8,92.9,-,1380,0,0,.447,.448,.352,.329,.695,.734,1.19,-
2006-07,Minnesota,20,"20

Minnesota
MIN",82,96.1,99.7,-,1260,0,0,.461,.460,.353,.348,.792,.760,1.21,-
2006-07,Detroit,21,"21

Detroit
DET",82,96.0,91.8,-,1389,0,0,.454,.445,.344,.339,.774,.740,1.21,-
2006-07,Boston,22,"22

Boston
BOS",82,95.8,99.2,-,1429,0,0,.443,.468,.367,.354,.767,.747,1.22,-
2006-07,Indiana,23,"23

Indiana
IND",82,95.6,98.0,-,1418,0,0,.438,.457,.346,.372,.760,.753,1.20,-
2006-07,Los Angeles,23,"23

Los Angeles
LAC",82,95.6,96.1,-,1275,0,0,.456,.452,.348,.339,.788,.748,1.24,-
2006-07,New Orleans/OklaCity,25,"25

New Orleans/OklaCity
NO",82,95.5,97.1,-,1248,0,0,.445,.457,.362,.355,.740,.759,1.17,-
2006-07,Philadelphia,26,"26

Philadelphia
PHI",82,94.9,98.0,-,1391,0,0,.458,.463,.345,.353,.767,.754,1.21,-
2006-07,Orlando,27,"27

Orlando
ORL",82,94.8,94.0,-,1396,0,0,.472,.442,.356,.353,.702,.760,1.28,-
2006-07,Miami,28,"28

Miami
MIA",82,94.6,95.5,-,1276,0,0,.464,.444,.343,.355,.690,.742,1.23,-
2006-07,Portland,29,"29

Portland
POR",82,94.1,98.4,-,1258,0,0,.450,.471,.346,.361,.769,.778,1.21,-
2006-07,Atlanta,30,"30

Atlanta
ATL",82,93.7,98.4,-,1340,0,0,.444,.466,.329,.376,.761,.734,1.21,-
2005-06,Phoenix,1,"1

Phoenix
PHX",82,108.4,102.8,-,1344,0,0,.479,.454,.399,.363,.806,.731,1.24,-
2005-06,Seattle,2,"2

Seattle
SEA",82,102.6,105.6,-,1306,0,0,.459,.485,.371,.375,.785,.760,1.25,-
2005-06,Washington,3,"3

Washington
WSH",82,101.7,99.8,-,1417,0,0,.447,.465,.357,.363,.757,.745,1.25,-
2005-06,Toronto,4,"4

Toronto
TOR",82,101.1,104.0,-,1262,0,0,.454,.491,.375,.373,.791,.748,1.25,-
2005-06,Denver,5,"5

Denver
DEN",82,100.3,100.1,-,1334,0,0,.461,.454,.325,.358,.744,.736,1.23,-
2005-06,Miami,6,"6

Miami
MIA",82,99.9,96.0,-,1194,0,0,.478,.440,.345,.361,.700,.739,1.29,-
2005-06,Philadelphia,7,"7

Philadelphia
PHI",82,99.4,101.3,-,1387,0,0,.458,.463,.364,.351,.760,.762,1.24,-
2005-06,Los Angeles,7,"7

Los Angeles
LAL",82,99.4,96.9,-,1338,0,0,.453,.450,.349,.353,.745,.747,1.23,-
2005-06,Dallas,9,"9

Dallas
DAL",82,99.1,93.1,-,1215,0,0,.462,.443,.374,.361,.783,.752,1.28,-
2005-06,Sacramento,10,"10

Sacramento
SAC",82,98.9,97.3,-,1271,0,0,.454,.454,.351,.351,.784,.747,1.25,-
2005-06,Golden State,11,"11

Golden State
GS",82,98.5,99.8,-,1196,0,0,.433,.457,.341,.351,.718,.743,1.19,-
2005-06,Boston,12,"12

Boston
BOS",82,98.0,99.5,-,1240,0,0,.467,.456,.362,.353,.755,.743,1.27,-
2005-06,Chicago,13,"13

Chicago
CHI",82,97.8,97.2,-,1273,0,0,.446,.426,.379,.351,.738,.777,1.19,-
2005-06,Milwaukee,13,"13

Milwaukee
MIL",82,97.8,98.8,-,1345,0,0,.453,.466,.380,.354,.738,.747,1.22,-
2005-06,Cleveland,15,"15

Cleveland
CLE",82,97.6,95.4,-,1219,0,0,.454,.455,.339,.356,.729,.742,1.25,-
2005-06,Atlanta,16,"16

Atlanta
ATL",82,97.2,102.0,-,1287,0,0,.454,.478,.367,.368,.750,.745,1.23,-
2005-06,Los Angeles,16,"16

Los Angeles
LAC",82,97.2,95.6,-,1021,0,0,.465,.435,.344,.347,.791,.732,1.24,-
2005-06,Charlotte,18,"18

Charlotte
CHA",82,96.9,100.9,-,1528,0,0,.433,.478,.339,.356,.729,.737,1.16,-
2005-06,Detroit,19,"19

Detroit
DET",82,96.8,90.2,-,1232,0,0,.455,.452,.384,.325,.727,.736,1.21,-
2005-06,New York,20,"20

New York
NY",82,95.6,102.0,-,1158,0,0,.455,.467,.362,.378,.726,.753,1.26,-
2005-06,San Antonio,20,"20

San Antonio
SA",82,95.6,88.8,-,1211,0,0,.472,.433,.385,.339,.702,.740,1.24,-
2005-06,Orlando,22,"22

Orlando
ORL",82,94.9,96.0,-,1215,0,0,.472,.454,.376,.357,.730,.732,1.26,-
2005-06,Indiana,23,"23

Indiana
IND",82,93.9,92.0,-,1059,0,0,.444,.435,.349,.343,.737,.733,1.23,-
2005-06,New Jersey,24,"24

New Jersey
NJ",82,93.8,92.4,-,1295,0,0,.440,.439,.330,.348,.758,.741,1.22,-
2005-06,New Orleans/OklaCity,25,"25

New Orleans/OklaCity
NO",82,92.8,95.6,-,1170,0,0,.440,.459,.339,.367,.758,.760,1.18,-
2005-06,Utah,26,"26

Utah
UTA",82,92.4,95.0,-,1187,0,0,.442,.449,.336,.378,.719,.746,1.22,-
2005-06,Memphis,27,"27

Memphis
MEM",82,92.2,88.5,-,1226,0,0,.448,.436,.374,.334,.711,.754,1.23,-
2005-06,Minnesota,28,"28

Minnesota
MIN",82,91.7,93.6,-,1221,0,0,.456,.441,.329,.364,.758,.736,1.19,-
2005-06,Houston,29,"29

Houston
HOU",82,90.1,91.7,-,1110,0,0,.433,.429,.332,.369,.759,.731,1.18,-
2005-06,Portland,30,"30

Portland
POR",82,88.8,98.3,-,1021,0,0,.445,.468,.349,.381,.689,.760,1.16,-
2004-05,Phoenix,1,"1

Phoenix
PHX",82,110.4,103.3,-,1260,0,0,.477,.445,.393,.335,.748,.744,1.29,-
2004-05,Sacramento,2,"2

Sacramento
SAC",82,103.7,101.6,-,1278,0,0,.459,.459,.374,.357,.787,.738,1.22,-
2004-05,Dallas,3,"3

Dallas
DAL",82,102.5,96.8,-,1389,0,0,.457,.438,.364,.330,.789,.754,1.26,-
2004-05,Miami,4,"4

Miami
MIA",82,101.5,95.0,-,1104,0,0,.486,.427,.377,.348,.672,.760,1.31,-
2004-05,Boston,5,"5

Boston
BOS",82,101.3,100.4,-,1397,0,0,.468,.444,.349,.356,.764,.753,1.28,-
2004-05,Washington,6,"6

Washington
WSH",82,100.5,100.8,-,1442,0,0,.437,.459,.343,.364,.725,.762,1.21,-
2004-05,Toronto,7,"7

Toronto
TOR",82,99.7,101.4,-,1156,0,0,.444,.467,.385,.356,.774,.744,1.23,-
2004-05,Orlando,8,"8

Orlando
ORL",82,99.5,101.8,-,1332,0,0,.454,.451,.349,.343,.759,.754,1.22,-
2004-05,Denver,8,"8

Denver
DEN",82,99.5,97.5,-,1383,0,0,.459,.447,.340,.345,.763,.746,1.23,-
2004-05,Philadelphia,10,"10

Philadelphia
PHI",82,99.1,99.9,-,1404,0,0,.437,.443,.348,.362,.789,.767,1.21,-
2004-05,Seattle,11,"11

Seattle
SEA",82,98.9,96.6,-,1171,0,0,.444,.459,.365,.357,.790,.749,1.25,-
2004-05,Golden State,12,"12

Golden State
GS",82,98.7,100.9,-,1226,0,0,.430,.458,.352,.363,.722,.745,1.15,-
2004-05,Los Angeles,12,"12

Los Angeles
LAL",82,98.7,101.7,-,1004,0,0,.437,.453,.355,.361,.777,.780,1.22,-
2004-05,New York,14,"14

New York
NY",82,97.3,99.7,-,1185,0,0,.451,.465,.356,.364,.767,.756,1.21,-
2004-05,Milwaukee,15,"15

Milwaukee
MIL",82,97.2,100.2,-,1096,0,0,.450,.464,.351,.343,.772,.771,1.21,-
2004-05,Minnesota,16,"16

Minnesota
MIN",82,96.8,95.3,-,966,0,0,.459,.438,.345,.363,.796,.752,1.20,-
2004-05,Cleveland,17,"17

Cleveland
CLE",82,96.5,95.7,-,1338,0,0,.447,.452,.332,.376,.752,.750,1.18,-
2004-05,San Antonio,18,"18

San Antonio
SA",82,96.2,88.4,-,1220,0,0,.453,.426,.363,.367,.724,.768,1.22,-
2004-05,Los Angeles,19,"19

Los Angeles
LAC",82,95.7,96.5,-,1114,0,0,.459,.444,.345,.368,.778,.762,1.23,-
2004-05,Houston,20,"20

Houston
HOU",82,95.1,91.0,-,1156,0,0,.443,.423,.364,.338,.781,.742,1.21,-
2004-05,Chicago,21,"21

Chicago
CHI",82,94.5,93.4,-,1273,0,0,.432,.422,.357,.334,.750,.744,1.17,-
2004-05,Charlotte,22,"22

Charlotte
CHA",82,94.3,100.2,-,1333,0,0,.432,.463,.363,.361,.709,.767,1.13,-
2004-05,Memphis,23,"23

Memphis
MEM",82,93.4,91.1,-,1349,0,0,.447,.432,.357,.351,.754,.771,1.22,-
2004-05,Detroit,24,"24

Detroit
DET",82,93.3,89.5,-,1179,0,0,.444,.430,.345,.338,.739,.751,1.19,-
2004-05,Indiana,25,"25

Indiana
IND",82,93.0,92.2,-,1122,0,0,.432,.440,.344,.365,.792,.743,1.24,-
2004-05,Utah,25,"25

Utah
UTA",82,93.0,97.3,-,1168,0,0,.449,.458,.328,.375,.757,.764,1.21,-
2004-05,Portland,27,"27

Portland
POR",82,92.9,96.9,-,1127,0,0,.451,.447,.362,.343,.725,.755,1.19,-
2004-05,Atlanta,28,"28

Atlanta
ATL",82,92.7,102.5,-,1221,0,0,.441,.476,.312,.379,.711,.770,1.14,-
2004-05,New Jersey,29,"29

New Jersey
NJ",82,91.4,92.9,-,1398,0,0,.429,.439,.362,.368,.763,.744,1.17,-
2004-05,New Orleans,30,"30

New Orleans
NO",82,88.4,95.5,-,1021,0,0,.415,.452,.315,.367,.766,.775,1.11,-
2003-04,Dallas,1,"1

Dallas
DAL",82,105.2,100.8,-,1422,0,0,.459,.459,.348,.363,.796,.746,1.19,-
2003-04,Sacramento,2,"2

Sacramento
SAC",82,102.8,97.8,-,1411,0,0,.462,.454,.401,.339,.795,.749,1.26,-
2003-04,Los Angeles,3,"3

Los Angeles
LAL",82,98.2,94.3,-,1368,0,0,.454,.440,.327,.337,.693,.749,1.21,-
2003-04,Milwaukee,4,"4

Milwaukee
MIL",82,98.0,97.0,-,1227,0,0,.447,.452,.350,.352,.775,.739,1.21,-
2003-04,Denver,5,"5

Denver
DEN",82,97.2,96.1,-,1508,0,0,.443,.453,.336,.356,.767,.728,1.18,-
2003-04,Seattle,6,"6

Seattle
SEA",82,97.1,97.8,-,1377,0,0,.446,.450,.373,.349,.765,.774,1.21,-
2003-04,Memphis,7,"7

Memphis
MEM",82,96.7,94.3,-,1595,0,0,.445,.436,.340,.338,.727,.764,1.19,-
2003-04,Boston,8,"8

Boston
BOS",82,95.3,96.7,-,1516,0,0,.443,.437,.346,.362,.750,.736,1.22,-
2003-04,Los Angeles,9,"9

Los Angeles
LAC",82,94.8,99.4,-,1249,0,0,.428,.460,.321,.360,.785,.741,1.18,-
2003-04,Minnesota,10,"10

Minnesota
MIN",82,94.5,89.1,-,1223,0,0,.462,.414,.363,.334,.781,.753,1.18,-
2003-04,Phoenix,11,"11

Phoenix
PHX",82,94.2,97.9,-,1431,0,0,.443,.446,.345,.349,.746,.765,1.16,-
2003-04,Orlando,12,"12

Orlando
ORL",82,94.0,101.1,-,1240,0,0,.429,.466,.344,.377,.737,.742,1.14,-
2003-04,Golden State,13,"13

Golden State
GS",82,93.3,94.0,-,1250,0,0,.442,.445,.334,.374,.725,.746,1.17,-
2003-04,Cleveland,14,"14

Cleveland
CLE",82,92.9,95.5,-,1199,0,0,.433,.437,.314,.371,.753,.749,1.13,-
2003-04,Atlanta,15,"15

Atlanta
ATL",82,92.8,97.5,-,1230,0,0,.433,.440,.335,.358,.776,.760,1.17,-
2003-04,New York,16,"16

New York
NY",82,92.0,93.5,-,1151,0,0,.442,.429,.364,.338,.793,.763,1.16,-
2003-04,Washington,17,"17

Washington
WSH",82,91.8,97.4,-,1416,0,0,.421,.454,.341,.342,.714,.771,1.15,-
2003-04,New Orleans,17,"17

New Orleans
NO",82,91.8,91.9,-,1403,0,0,.420,.441,.319,.341,.751,.750,1.14,-
2003-04,San Antonio,19,"19

San Antonio
SA",82,91.5,84.3,-,1355,0,0,.442,.409,.358,.327,.681,.744,1.17,-
2003-04,Indiana,20,"20

Indiana
IND",82,91.4,85.6,-,1414,0,0,.435,.432,.351,.324,.764,.750,1.19,-
2003-04,Portland,21,"21

Portland
POR",82,90.7,92.0,-,1152,0,0,.448,.450,.346,.341,.731,.753,1.15,-
2003-04,Miami,22,"22

Miami
MIA",82,90.3,89.7,-,1290,0,0,.425,.428,.357,.343,.762,.768,1.15,-
2003-04,New Jersey,22,"22

New Jersey
NJ",82,90.3,87.8,-,1388,0,0,.441,.427,.336,.350,.753,.761,1.16,-
2003-04,Detroit,24,"24

Detroit
DET",82,90.1,84.3,-,1377,0,0,.435,.413,.344,.302,.753,.744,1.17,-
2003-04,Houston,25,"25

Houston
HOU",82,89.8,88.0,-,1186,0,0,.442,.412,.366,.372,.773,.737,1.19,-
2003-04,Chicago,26,"26

Chicago
CHI",82,89.7,96.0,-,1238,0,0,.414,.436,.342,.355,.725,.748,1.09,-
2003-04,Utah,27,"27

Utah
UTA",82,88.7,89.9,-,1365,0,0,.436,.432,.321,.343,.746,.771,1.18,-
2003-04,Philadelphia,28,"28

Philadelphia
PHI",82,88.0,90.5,-,1256,0,0,.428,.432,.342,.333,.753,.744,1.15,-
2003-04,Toronto,29,"29

Toronto
TOR",82,85.4,88.5,-,1255,0,0,.418,.428,.356,.307,.750,.747,1.10,-
2002-03,Dallas,1,"1

Dallas
DAL",82,103.0,95.2,-,1457,0,0,.453,.438,.381,.340,.829,.727,1.21,-
2002-03,Golden State,2,"2

Golden State
GS",82,102.4,103.6,-,1217,0,0,.441,.452,.344,.372,.778,.756,1.21,-
2002-03,Sacramento,3,"3

Sacramento
SAC",82,101.7,95.2,-,1435,0,0,.464,.420,.381,.320,.746,.741,1.19,-
2002-03,Los Angeles,4,"4

Los Angeles
LAL",82,100.4,98.0,-,1303,0,0,.451,.443,.356,.380,.734,.760,1.20,-
2002-03,Milwaukee,5,"5

Milwaukee
MIL",82,99.5,99.3,-,1338,0,0,.457,.458,.383,.375,.776,.745,1.22,-
2002-03,Orlando,6,"6

Orlando
ORL",82,98.5,98.4,-,1471,0,0,.436,.455,.357,.334,.777,.767,1.19,-
2002-03,Minnesota,7,"7

Minnesota
MIN",82,98.1,96.0,-,1280,0,0,.466,.437,.368,.347,.770,.752,1.18,-
2002-03,Memphis,8,"8

Memphis
MEM",82,97.5,100.7,-,1320,0,0,.452,.460,.365,.363,.739,.759,1.19,-
2002-03,Philadelphia,9,"9

Philadelphia
PHI",82,96.8,94.5,-,1610,0,0,.448,.452,.311,.354,.775,.760,1.20,-
2002-03,Indiana,9,"9

Indiana
IND",82,96.8,93.3,-,1362,0,0,.441,.428,.339,.340,.766,.767,1.20,-
2002-03,New York,11,"11

New York
NY",82,95.9,97.2,-,1271,0,0,.441,.457,.383,.340,.815,.771,1.17,-
2002-03,San Antonio,12,"12

San Antonio
SA",82,95.8,90.4,-,1342,0,0,.462,.427,.354,.339,.725,.768,1.25,-
2002-03,Phoenix,13,"13

Phoenix
PHX",82,95.5,94.4,-,1493,0,0,.443,.438,.343,.320,.742,.766,1.16,-
2002-03,New Jersey,14,"14

New Jersey
NJ",82,95.4,90.1,-,1505,0,0,.441,.427,.332,.359,.757,.749,1.19,-
2002-03,Portland,15,"15

Portland
POR",82,95.2,92.5,-,1452,0,0,.460,.450,.330,.341,.745,.764,1.20,-
2002-03,Chicago,16,"16

Chicago
CHI",82,95.0,100.1,-,1227,0,0,.445,.439,.350,.323,.722,.749,1.16,-
2002-03,Utah,17,"17

Utah
UTA",82,94.7,92.3,-,1460,0,0,.468,.434,.349,.349,.745,.759,1.25,-
2002-03,Atlanta,18,"18

Atlanta
ATL",82,94.1,97.6,-,1169,0,0,.444,.436,.352,.359,.793,.760,1.20,-
2002-03,New Orleans,19,"19

New Orleans
NO",82,93.9,91.8,-,1358,0,0,.435,.438,.376,.338,.768,.766,1.15,-
2002-03,Houston,20,"20

Houston
HOU",82,93.8,92.3,-,1245,0,0,.440,.433,.346,.347,.768,.775,1.19,-
2002-03,Los Angeles,20,"20

Los Angeles
LAC",82,93.8,97.9,-,1241,0,0,.437,.447,.331,.365,.750,.774,1.19,-
2002-03,Boston,22,"22

Boston
BOS",82,92.7,93.1,-,1410,0,0,.415,.435,.334,.331,.742,.749,1.17,-
2002-03,Seattle,23,"23

Seattle
SEA",82,92.1,92.3,-,1419,0,0,.437,.447,.353,.344,.744,.742,1.14,-
2002-03,Washington,24,"24

Washington
WSH",82,91.5,92.5,-,1245,0,0,.440,.442,.312,.362,.779,.771,1.17,-
2002-03,Cleveland,25,"25

Cleveland
CLE",82,91.4,101.0,-,1246,0,0,.422,.453,.327,.358,.747,.772,1.11,-
2002-03,Detroit,25,"25

Detroit
DET",82,91.4,87.7,-,1252,0,0,.430,.438,.358,.344,.771,.746,1.19,-
2002-03,Toronto,27,"27

Toronto
TOR",82,90.9,96.8,-,1153,0,0,.427,.461,.343,.375,.718,.759,1.12,-
2002-03,Miami,28,"28

Miami
MIA",82,85.6,90.6,-,1217,0,0,.412,.437,.316,.353,.765,.751,1.08,-
2002-03,Denver,29,"29

Denver
DEN",82,84.2,92.4,-,1373,0,0,.411,.443,.278,.370,.699,.757,1.05,-
2001-02,Dallas,1,"1

Dallas
DAL",82,105.2,101.0,-,1322,0,0,.462,.452,.378,.350,.806,.751,1.25,-
2001-02,Sacramento,2,"2

Sacramento
SAC",82,104.6,97.0,-,1441,0,0,.467,.440,.367,.337,.751,.744,1.22,-
2001-02,Los Angeles,3,"3

Los Angeles
LAL",82,101.3,94.1,-,1275,0,0,.461,.424,.354,.317,.699,.761,1.21,-
2001-02,Orlando,4,"4

Orlando
ORL",82,100.5,98.9,-,1428,0,0,.448,.456,.373,.352,.754,.737,1.20,-
2001-02,Minnesota,5,"5

Minnesota
MIN",82,99.3,96.0,-,1249,0,0,.461,.445,.378,.372,.798,.742,1.18,-
2001-02,Golden State,6,"6

Golden State
GS",82,97.7,103.1,-,1358,0,0,.429,.459,.322,.348,.722,.763,1.15,-
2001-02,Seattle,6,"6

Seattle
SEA",82,97.7,94.7,-,1461,0,0,.469,.449,.378,.344,.755,.739,1.20,-
2001-02,Milwaukee,8,"8

Milwaukee
MIL",82,97.5,97.7,-,1184,0,0,.462,.441,.375,.358,.748,.757,1.22,-
2001-02,Indiana,9,"9

Indiana
IND",82,96.8,96.5,-,1257,0,0,.446,.438,.339,.348,.772,.749,1.21,-
2001-02,San Antonio,10,"10

San Antonio
SA",82,96.7,90.5,-,1396,0,0,.458,.426,.362,.338,.742,.777,1.25,-
2001-02,Portland,11,"11

Portland
POR",82,96.6,93.7,-,1405,0,0,.450,.453,.354,.363,.763,.741,1.19,-
2001-02,Boston,12,"12

Boston
BOS",82,96.4,94.1,-,1384,0,0,.424,.425,.359,.340,.764,.771,1.17,-
2001-02,New Jersey,13,"13

New Jersey
NJ",82,96.2,92.0,-,1440,0,0,.446,.429,.338,.348,.735,.753,1.16,-
2001-02,Utah,14,"14

Utah
UTA",82,96.0,95.1,-,1544,0,0,.450,.447,.333,.383,.763,.771,1.23,-
2001-02,Los Angeles,15,"15

Los Angeles
LAC",82,95.7,96.1,-,1189,0,0,.445,.448,.356,.355,.739,.745,1.18,-
2001-02,Cleveland,16,"16

Cleveland
CLE",82,95.3,98.6,-,1119,0,0,.448,.457,.377,.394,.772,.748,1.19,-
2001-02,Phoenix,17,"17

Phoenix
PHX",82,95.1,95.8,-,1329,0,0,.447,.444,.327,.358,.767,.751,1.13,-
2001-02,Detroit,18,"18

Detroit
DET",82,94.3,92.2,-,1396,0,0,.452,.447,.376,.362,.756,.755,1.23,-
2001-02,Atlanta,19,"19

Atlanta
ATL",82,94.0,98.3,-,1394,0,0,.439,.459,.354,.355,.765,.744,1.17,-
2001-02,Charlotte,20,"20

Charlotte
CHA",82,93.9,92.9,-,1264,0,0,.440,.432,.348,.375,.745,.768,1.17,-
2001-02,Washington,21,"21

Washington
WSH",82,92.8,94.2,-,1152,0,0,.441,.452,.388,.354,.765,.755,1.14,-
2001-02,Houston,22,"22

Houston
HOU",82,92.3,97.2,-,1102,0,0,.428,.464,.335,.360,.741,.752,1.14,-
2001-02,Denver,23,"23

Denver
DEN",82,92.2,98.0,-,1235,0,0,.424,.459,.329,.361,.744,.747,1.10,-
2001-02,New York,24,"24

New York
NY",82,91.6,95.6,-,1178,0,0,.432,.445,.353,.353,.787,.757,1.15,-
2001-02,Toronto,25,"25

Toronto
TOR",82,91.4,91.8,-,1284,0,0,.434,.441,.349,.346,.739,.752,1.11,-
2001-02,Philadelphia,26,"26

Philadelphia
PHI",82,91.0,89.4,-,1319,0,0,.436,.426,.299,.331,.779,.751,1.16,-
2001-02,Memphis,27,"27

Memphis
MEM",82,89.9,97.3,-,1237,0,0,.436,.457,.307,.358,.708,.753,1.13,-
2001-02,Chicago,28,"28

Chicago
CHI",82,89.5,98.0,-,1234,0,0,.433,.465,.346,.358,.722,.746,1.13,-
2001-02,Miami,29,"29

Miami
MIA",82,87.2,88.7,-,1151,0,0,.439,.425,.347,.342,.724,.736,1.12,-
2000-01,Sacramento,1,"1

Sacramento
SAC",82,101.7,95.9,-,1441,0,0,.449,.432,.354,.355,.771,.749,1.20,-
2000-01,Milwaukee,2,"2

Milwaukee
MIL",82,100.7,96.9,-,1361,0,0,.458,.439,.379,.352,.787,.768,1.22,-
2000-01,Los Angeles,3,"3

Los Angeles
LAL",82,100.6,97.2,-,1215,0,0,.465,.438,.344,.354,.683,.754,1.23,-
2000-01,Dallas,4,"4

Dallas
DAL",82,100.5,96.2,-,1342,0,0,.459,.439,.381,.334,.794,.731,1.23,-
2000-01,Toronto,5,"5

Toronto
TOR",82,97.6,95.4,-,1238,0,0,.437,.447,.369,.363,.747,.754,1.15,-
2000-01,Orlando,6,"6

Orlando
ORL",82,97.5,96.5,-,1494,0,0,.438,.435,.364,.346,.714,.735,1.16,-
2000-01,Minnesota,7,"7

Minnesota
MIN",82,97.3,96.0,-,1364,0,0,.458,.452,.357,.351,.785,.724,1.16,-
2000-01,Seattle,7,"7

Seattle
SEA",82,97.3,97.3,-,1452,0,0,.456,.453,.399,.349,.732,.742,1.20,-
2000-01,Houston,9,"9

Houston
HOU",82,97.2,94.9,-,1184,0,0,.453,.449,.357,.354,.758,.744,1.23,-
2000-01,Utah,10,"10

Utah
UTA",82,97.1,92.4,-,1407,0,0,.471,.439,.381,.343,.752,.765,1.27,-
2000-01,Denver,11,"11

Denver
DEN",82,96.6,99.0,-,1194,0,0,.433,.446,.355,.356,.737,.753,1.15,-
2000-01,San Antonio,12,"12

San Antonio
SA",82,96.2,88.4,-,1259,0,0,.461,.419,.407,.329,.715,.741,1.26,-
2000-01,Detroit,13,"13

Detroit
DET",82,95.6,97.3,-,1369,0,0,.424,.434,.350,.348,.721,.736,1.14,-
2000-01,Portland,14,"14

Portland
POR",82,95.4,91.2,-,1336,0,0,.468,.438,.349,.368,.762,.744,1.22,-
2000-01,Philadelphia,15,"15

Philadelphia
PHI",82,94.7,90.4,-,1430,0,0,.447,.429,.326,.342,.745,.749,1.20,-
2000-01,Boston,16,"16

Boston
BOS",82,94.6,96.8,-,1471,0,0,.428,.459,.363,.368,.740,.750,1.20,-
2000-01,Phoenix,17,"17

Phoenix
PHX",82,94.0,91.8,-,1493,0,0,.436,.435,.315,.349,.755,.761,1.14,-
2000-01,Washington,18,"18

Washington
WSH",82,93.2,99.9,-,1271,0,0,.439,.470,.324,.396,.759,.747,1.18,-
2000-01,Indiana,19,"19

Indiana
IND",82,92.6,92.8,-,1181,0,0,.440,.423,.342,.336,.766,.758,1.18,-
2000-01,Golden State,20,"20

Golden State
GS",82,92.5,101.5,-,1412,0,0,.409,.472,.293,.379,.706,.760,1.06,-
2000-01,Los Angeles,20,"20

Los Angeles
LAC",82,92.5,95.3,-,1136,0,0,.448,.440,.339,.329,.693,.743,1.17,-
2000-01,Cleveland,22,"22

Cleveland
CLE",82,92.2,96.5,-,1300,0,0,.442,.445,.334,.365,.765,.768,1.16,-
2000-01,New Jersey,23,"23

New Jersey
NJ",82,92.1,97.1,-,1375,0,0,.425,.455,.333,.360,.759,.746,1.15,-
2000-01,Charlotte,24,"24

Charlotte
CHA",82,91.9,89.8,-,1273,0,0,.431,.426,.346,.360,.745,.756,1.16,-
2000-01,Vancouver,25,"25

Vancouver
VAN",82,91.7,97.5,-,1231,0,0,.439,.463,.343,.362,.770,.732,1.15,-
2000-01,Atlanta,26,"26

Atlanta
ATL",82,91.0,96.2,-,1241,0,0,.431,.442,.357,.367,.759,.765,1.12,-
2000-01,Miami,27,"27

Miami
MIA",82,88.9,86.6,-,1363,0,0,.430,.431,.345,.331,.759,.737,1.16,-
2000-01,New York,28,"28

New York
NY",82,88.7,86.1,-,1228,0,0,.444,.417,.351,.352,.796,.733,1.17,-
2000-01,Chicago,29,"29

Chicago
CHI",82,87.6,96.7,-,1267,0,0,.424,.472,.346,.356,.739,.730,1.12,-
1999-00,Sacramento,1,"1

Sacramento
SAC",82,105.0,102.0,-,1562,0,0,.450,.452,.322,.353,.754,.751,1.18,-
1999-00,Detroit,2,"2

Detroit
DET",82,103.5,102.0,-,1507,0,0,.459,.465,.359,.371,.781,.746,1.28,-
1999-00,Dallas,3,"3

Dallas
DAL",82,101.4,102.0,-,1468,0,0,.453,.457,.391,.345,.804,.740,1.18,-
1999-00,Indiana,4,"4

Indiana
IND",82,101.3,96.7,-,1240,0,0,.459,.446,.392,.327,.811,.755,1.25,-
1999-00,Milwaukee,5,"5

Milwaukee
MIL",82,101.2,101.0,-,1463,0,0,.465,.457,.369,.391,.786,.752,1.22,-
1999-00,Los Angeles,6,"6

Los Angeles
LAL",82,100.8,92.3,-,1338,0,0,.459,.416,.329,.326,.696,.742,1.21,-
1999-00,Orlando,7,"7

Orlando
ORL",82,100.1,99.4,-,1646,0,0,.452,.445,.338,.338,.735,.745,1.17,-
1999-00,Houston,8,"8

Houston
HOU",82,99.5,100.3,-,1271,0,0,.450,.456,.358,.354,.733,.779,1.22,-
1999-00,Boston,9,"9

Boston
BOS",82,99.3,100.1,-,1521,0,0,.444,.470,.331,.361,.745,.753,1.18,-
1999-00,Seattle,10,"10

Seattle
SEA",82,99.1,98.1,-,1355,0,0,.447,.451,.339,.340,.695,.748,1.17,-
1999-00,Denver,11,"11

Denver
DEN",82,99.0,101.1,-,1284,0,0,.442,.450,.336,.354,.724,.751,1.17,-
1999-00,Phoenix,12,"12

Phoenix
PHX",82,98.9,93.7,-,1524,0,0,.457,.424,.368,.352,.759,.739,1.20,-
1999-00,Minnesota,13,"13

Minnesota
MIN",82,98.5,96.0,-,1328,0,0,.467,.445,.346,.356,.780,.752,1.17,-
1999-00,Charlotte,14,"14

Charlotte
CHA",82,98.4,95.8,-,1434,0,0,.449,.448,.339,.378,.758,.745,1.24,-
1999-00,New Jersey,15,"15

New Jersey
NJ",82,98.0,99.0,-,1555,0,0,.433,.464,.347,.363,.784,.747,1.17,-
1999-00,Portland,16,"16

Portland
POR",82,97.5,91.0,-,1257,0,0,.470,.431,.361,.330,.760,.716,1.24,-
1999-00,Toronto,17,"17

Toronto
TOR",82,97.2,97.3,-,1341,0,0,.433,.454,.363,.339,.765,.764,1.16,-
1999-00,Cleveland,18,"18

Cleveland
CLE",82,97.0,100.5,-,1441,0,0,.442,.443,.373,.342,.750,.776,1.18,-
1999-00,Washington,19,"19

Washington
WSH",82,96.6,99.9,-,1320,0,0,.451,.459,.376,.371,.743,.744,1.19,-
1999-00,Utah,20,"20

Utah
UTA",82,96.5,92.0,-,1371,0,0,.464,.446,.385,.354,.773,.746,1.24,-
1999-00,San Antonio,21,"21

San Antonio
SA",82,96.2,90.2,-,1259,0,0,.462,.425,.374,.343,.746,.739,1.23,-
1999-00,Golden State,22,"22

Golden State
GS",82,95.5,103.8,-,1404,0,0,.420,.467,.323,.367,.697,.754,1.10,-
1999-00,Philadelphia,23,"23

Philadelphia
PHI",82,94.8,93.4,-,1533,0,0,.442,.435,.323,.356,.708,.755,1.15,-
1999-00,Miami,24,"24

Miami
MIA",82,94.4,91.3,-,1248,0,0,.460,.422,.371,.361,.736,.748,1.20,-
1999-00,Atlanta,25,"25

Atlanta
ATL",82,94.3,99.7,-,1066,0,0,.441,.455,.317,.367,.743,.769,1.14,-
1999-00,Vancouver,26,"26

Vancouver
VAN",82,93.9,99.5,-,1325,0,0,.449,.474,.361,.333,.774,.769,1.20,-
1999-00,New York,27,"27

New York
NY",82,92.1,90.7,-,1218,0,0,.455,.424,.375,.338,.781,.747,1.19,-
1999-00,Los Angeles,28,"28

Los Angeles
LAC",82,92.0,103.5,-,1162,0,0,.426,.477,.339,.387,.746,.741,1.12,-
1999-00,Chicago,29,"29

Chicago
CHI",82,84.8,94.2,-,1211,0,0,.415,.456,.329,.341,.709,.741,1.12,-
1998-99,Sacramento,1,"1

Sacramento
SAC",50,100.2,100.6,-,890,0,0,.445,.446,.308,.336,.683,.712,1.16,-
1998-99,Los Angeles,2,"2

Los Angeles
LAL",50,99.0,96.0,-,734,0,0,.468,.441,.352,.332,.683,.709,1.26,-
1998-99,Phoenix,3,"3

Phoenix
PHX",50,95.6,93.3,-,879,0,0,.449,.450,.372,.360,.760,.694,1.19,-
1998-99,Seattle,4,"4

Seattle
SEA",50,94.9,95.9,-,785,0,0,.442,.457,.344,.345,.681,.722,1.19,-
1998-99,Portland,5,"5

Portland
POR",50,94.8,88.5,-,887,0,0,.442,.417,.364,.318,.743,.725,1.20,-
1998-99,Indiana,6,"6

Indiana
IND",50,94.7,90.9,-,699,0,0,.448,.434,.368,.325,.796,.756,1.22,-
1998-99,Houston,7,"7

Houston
HOU",50,94.2,91.9,-,724,0,0,.462,.434,.368,.357,.729,.734,1.24,-
1998-99,Denver,8,"8

Denver
DEN",50,93.5,100.1,-,710,0,0,.421,.469,.328,.370,.762,.745,1.17,-
1998-99,Utah,9,"9

Utah
UTA",50,93.3,86.8,-,805,0,0,.465,.413,.361,.321,.767,.721,1.29,-
1998-99,Boston,10,"10

Boston
BOS",50,93.0,94.9,-,918,0,0,.436,.443,.360,.312,.692,.742,1.12,-
1998-99,Charlotte,11,"11

Charlotte
CHA",50,92.9,93.0,-,849,0,0,.449,.434,.365,.333,.747,.734,1.25,-
1998-99,Minnesota,11,"11

Minnesota
MIN",50,92.9,92.6,-,869,0,0,.425,.439,.298,.326,.743,.718,1.07,-
1998-99,San Antonio,13,"13

San Antonio
SA",50,92.8,84.7,-,783,0,0,.456,.402,.330,.304,.698,.701,1.22,-
1998-99,Milwaukee,14,"14

Milwaukee
MIL",50,91.7,90.0,-,918,0,0,.459,.427,.373,.334,.733,.752,1.20,-
1998-99,Dallas,15,"15

Dallas
DAL",50,91.6,94.0,-,754,0,0,.434,.450,.339,.315,.728,.717,1.14,-
1998-99,New Jersey,16,"16

New Jersey
NJ",50,91.4,95.2,-,836,0,0,.406,.453,.331,.341,.769,.727,1.10,-
1998-99,Washington,17,"17

Washington
WSH",50,91.2,93.4,-,882,0,0,.445,.446,.309,.352,.705,.736,1.15,-
1998-99,Toronto,18,"18

Toronto
TOR",50,91.1,92.8,-,810,0,0,.421,.439,.341,.372,.760,.728,1.16,-
1998-99,Detroit,19,"19

Detroit
DET",50,90.4,86.9,-,865,0,0,.447,.436,.365,.346,.740,.715,1.22,-
1998-99,Los Angeles,19,"19

Los Angeles
LAC",50,90.4,99.2,-,835,0,0,.427,.474,.320,.354,.721,.746,1.13,-
1998-99,Philadelphia,21,"21

Philadelphia
PHI",50,89.7,87.6,-,994,0,0,.426,.423,.264,.337,.722,.731,1.15,-
1998-99,Orlando,22,"22

Orlando
ORL",50,89.5,86.9,-,945,0,0,.428,.443,.330,.345,.700,.707,1.13,-
1998-99,Miami,23,"23

Miami
MIA",50,89.0,84.0,-,770,0,0,.453,.411,.359,.348,.735,.737,1.25,-
1998-99,Vancouver,24,"24

Vancouver
VAN",50,88.9,97.5,-,796,0,0,.428,.463,.327,.351,.717,.729,1.16,-
1998-99,Golden State,25,"25

Golden State
GS",50,88.3,90.8,-,759,0,0,.415,.420,.287,.336,.676,.728,1.06,-
1998-99,New York,26,"26

New York
NY",50,86.4,85.4,-,771,0,0,.435,.403,.353,.353,.732,.733,1.17,-
1998-99,Cleveland,26,"26

Cleveland
CLE",50,86.4,88.2,-,872,0,0,.439,.436,.341,.350,.749,.743,1.21,-
1998-99,Atlanta,28,"28

Atlanta
ATL",50,86.3,83.4,-,701,0,0,.409,.413,.306,.300,.731,.729,1.15,-
1998-99,Chicago,29,"29

Chicago
CHI",50,81.9,91.4,-,792,0,0,.401,.455,.289,.340,.709,.733,1.07,-
1997-98,Los Angeles,1,"1

Los Angeles
LAL",82,105.5,97.8,-,1487,0,0,.481,.439,.351,.355,.679,.732,1.32,-
1997-98,Minnesota,2,"2

Minnesota
MIN",82,101.1,100.4,-,1409,0,0,.461,.448,.347,.358,.743,.742,1.21,-
1997-98,Utah,3,"3

Utah
UTA",82,101.0,94.4,-,1360,0,0,.490,.439,.372,.357,.773,.757,1.35,-
1997-98,Seattle,4,"4

Seattle
SEA",82,100.6,93.4,-,1628,0,0,.473,.446,.396,.324,.721,.724,1.28,-
1997-98,New Jersey,5,"5

New Jersey
NJ",82,99.6,98.1,-,1645,0,0,.441,.471,.331,.346,.744,.748,1.18,-
1997-98,Phoenix,5,"5

Phoenix
PHX",82,99.6,94.4,-,1528,0,0,.468,.442,.356,.361,.749,.732,1.22,-
1997-98,Houston,7,"7

Houston
HOU",82,98.8,99.5,-,1336,0,0,.452,.469,.343,.365,.771,.744,1.24,-
1997-98,Washington,8,"8

Washington
WSH",82,97.2,96.6,-,1504,0,0,.452,.455,.339,.356,.691,.747,1.17,-
1997-98,Chicago,9,"9

Chicago
CHI",82,96.7,89.6,-,1469,0,0,.451,.431,.323,.322,.743,.729,1.17,-
1997-98,Charlotte,10,"10

Charlotte
CHA",82,96.6,94.6,-,1406,0,0,.468,.464,.383,.347,.751,.731,1.25,-
1997-98,Vancouver,10,"10

Vancouver
VAN",82,96.6,103.9,-,1273,0,0,.458,.475,.362,.385,.739,.732,1.21,-
1997-98,Indiana,12,"12

Indiana
IND",82,96.0,89.9,-,1481,0,0,.469,.432,.390,.316,.764,.728,1.27,-
1997-98,Boston,13,"13

Boston
BOS",82,95.9,98.5,-,1839,0,0,.434,.479,.332,.318,.726,.745,1.13,-
1997-98,Atlanta,13,"13

Atlanta
ATL",82,95.9,92.3,-,1274,0,0,.455,.442,.332,.342,.756,.735,1.24,-
1997-98,Los Angeles,13,"13

Los Angeles
LAC",82,95.9,103.3,-,1283,0,0,.438,.474,.358,.362,.723,.734,1.18,-
1997-98,Miami,16,"16

Miami
MIA",82,95.0,90.0,-,1325,0,0,.450,.428,.355,.331,.739,.744,1.23,-
1997-98,Toronto,17,"17

Toronto
TOR",82,94.9,104.2,-,1465,0,0,.435,.479,.343,.383,.718,.700,1.14,-
1997-98,Milwaukee,18,"18

Milwaukee
MIL",82,94.5,96.4,-,1450,0,0,.456,.461,.354,.327,.767,.743,1.21,-
1997-98,Portland,19,"19

Portland
POR",82,94.3,92.9,-,1257,0,0,.451,.431,.309,.343,.737,.722,1.21,-
1997-98,Detroit,20,"20

Detroit
DET",82,94.2,92.6,-,1433,0,0,.449,.445,.312,.330,.745,.746,1.21,-
1997-98,Philadelphia,21,"21

Philadelphia
PHI",82,93.3,95.7,-,1421,0,0,.443,.451,.300,.344,.737,.730,1.19,-
1997-98,Sacramento,22,"22

Sacramento
SAC",82,93.1,98.7,-,1324,0,0,.442,.457,.351,.356,.687,.742,1.14,-
1997-98,Cleveland,23,"23

Cleveland
CLE",82,92.5,89.8,-,1595,0,0,.454,.433,.372,.344,.756,.755,1.22,-
1997-98,San Antonio,23,"23

San Antonio
SA",82,92.5,88.5,-,1090,0,0,.468,.411,.350,.328,.688,.740,1.23,-
1997-98,New York,25,"25

New York
NY",82,91.6,89.1,-,1416,0,0,.447,.428,.335,.317,.772,.750,1.17,-
1997-98,Dallas,26,"26

Dallas
DAL",82,91.4,97.5,-,1313,0,0,.427,.460,.357,.342,.753,.714,1.11,-
1997-98,Orlando,27,"27

Orlando
ORL",82,90.1,91.2,-,1309,0,0,.429,.454,.323,.324,.726,.736,1.14,-
1997-98,Denver,28,"28

Denver
DEN",82,89.0,100.8,-,1332,0,0,.417,.473,.323,.379,.772,.754,1.14,-
1997-98,Golden State,29,"29

Golden State
GS",82,88.3,97.4,-,1229,0,0,.413,.444,.272,.347,.710,.729,1.05,-
1996-97,Chicago,1,"1

Chicago
CHI",82,103.1,92.3,-,1542,0,0,.473,.436,.373,.335,.747,.737,1.22,-
1996-97,Utah,1,"1

Utah
UTA",82,103.1,94.3,-,1576,0,0,.504,.438,.370,.352,.769,.750,1.36,-
1996-97,Phoenix,3,"3

Phoenix
PHX",82,102.8,102.2,-,1391,0,0,.469,.467,.369,.368,.761,.739,1.26,-
1996-97,Seattle,4,"4

Seattle
SEA",82,100.9,93.2,-,1714,0,0,.467,.441,.353,.373,.752,.741,1.29,-
1996-97,Boston,5,"5

Boston
BOS",82,100.6,107.9,-,1693,0,0,.440,.503,.351,.365,.750,.720,1.18,-
1996-97,Houston,5,"5

Houston
HOU",82,100.6,96.1,-,1361,0,0,.468,.443,.365,.335,.755,.729,1.27,-
1996-97,Philadelphia,7,"7

Philadelphia
PHI",82,100.2,106.7,-,1397,0,0,.438,.470,.319,.365,.725,.733,1.20,-
1996-97,Los Angeles,8,"8

Los Angeles
LAL",82,100.0,95.7,-,1540,0,0,.454,.441,.367,.347,.692,.718,1.23,-
1996-97,Golden State,9,"9

Golden State
GS",82,99.6,104.4,-,1430,0,0,.456,.475,.353,.373,.778,.750,1.24,-
1996-97,Washington,10,"10

Washington
WSH",82,99.4,97.7,-,1547,0,0,.480,.454,.331,.371,.707,.749,1.22,-
1996-97,Portland,11,"11

Portland
POR",82,99.0,94.8,-,1436,0,0,.464,.436,.358,.357,.713,.739,1.26,-
1996-97,Charlotte,12,"12

Charlotte
CHA",82,98.9,97.0,-,1378,0,0,.471,.460,.428,.357,.777,.730,1.28,-
1996-97,Denver,13,"13

Denver
DEN",82,97.8,104.1,-,1159,0,0,.439,.467,.372,.393,.761,.750,1.20,-
1996-97,New Jersey,14,"14

New Jersey
NJ",82,97.2,101.8,-,1440,0,0,.422,.464,.353,.372,.740,.745,1.12,-
1996-97,Los Angeles,14,"14

Los Angeles
LAC",82,97.2,99.5,-,1518,0,0,.446,.462,.354,.357,.731,.749,1.19,-
1996-97,Sacramento,16,"16

Sacramento
SAC",82,96.4,99.8,-,1356,0,0,.454,.462,.391,.352,.723,.737,1.20,-
1996-97,Minnesota,17,"17

Minnesota
MIN",82,96.1,97.6,-,1421,0,0,.456,.450,.339,.362,.751,.754,1.22,-
1996-97,Toronto,18,"18

Toronto
TOR",82,95.5,98.6,-,1465,0,0,.437,.465,.363,.348,.720,.724,1.18,-
1996-97,New York,19,"19

New York
NY",82,95.4,92.2,-,1431,0,0,.463,.425,.363,.350,.748,.733,1.26,-
1996-97,Indiana,19,"19

Indiana
IND",82,95.4,94.4,-,1366,0,0,.456,.440,.381,.347,.722,.753,1.25,-
1996-97,Milwaukee,21,"21

Milwaukee
MIL",82,95.3,97.2,-,1345,0,0,.471,.472,.352,.342,.741,.731,1.24,-
1996-97,Miami,22,"22

Miami
MIA",82,94.8,89.3,-,1523,0,0,.453,.432,.364,.362,.719,.731,1.25,-
1996-97,Atlanta,22,"22

Atlanta
ATL",82,94.8,89.4,-,1468,0,0,.446,.435,.359,.347,.763,.737,1.23,-
1996-97,Detroit,24,"24

Detroit
DET",82,94.2,88.9,-,1437,0,0,.464,.444,.388,.369,.745,.737,1.27,-
1996-97,Orlando,25,"25

Orlando
ORL",82,94.1,94.5,-,1474,0,0,.437,.460,.341,.343,.746,.732,1.19,-
1996-97,Dallas,26,"26

Dallas
DAL",82,90.6,97.0,-,1374,0,0,.436,.458,.327,.373,.717,.751,1.15,-
1996-97,San Antonio,27,"27

San Antonio
SA",82,90.5,98.3,-,1268,0,0,.442,.471,.320,.387,.719,.738,1.16,-
1996-97,Vancouver,28,"28

Vancouver
VAN",82,89.2,99.4,-,1277,0,0,.437,.472,.349,.365,.709,.727,1.13,-
1996-97,Cleveland,29,"29

Cleveland
CLE",82,87.5,85.6,-,1498,0,0,.453,.441,.376,.373,.723,.742,1.20,-
